Case Number,Date,Block,IUCR,Primary Type,Description,Location Description,Arrest,Domestic,Beat,Ward,FBI Code,X Coordinate,Y Coordinate,Year,Latitude,Longitude,Location
HV101396,01/02/2012 02:22:00 AM,030XX W LAWRENCE AVE,0110,HOMICIDE,FIRST DEGREE MURDER,AUTO,false,false,1713,33,01A,1155053,1931730,2012,41.968479866,-87.705259739,"(41.968479866, -87.705259739)"
HV101433,01/02/2012 05:15:00 AM,107XX S COTTAGE GROVE AVE,0110,HOMICIDE,FIRST DEGREE MURDER,STREET,true,false,0513,9,01A,1182247,1833951,2012,41.699577165,-87.608304224,"(41.699577165, -87.608304224)"
HV102145,01/02/2012 05:53:00 PM,066XX S WOLCOTT AVE,0110,HOMICIDE,FIRST DEGREE MURDER,HOUSE,false,false,0726,15,01A,1164829,1860636,2012,41.773189519,-87.671329907,"(41.773189519, -87.671329907)"
HV102221,01/02/2012 05:58:00 PM,024XX E 78TH ST,0110,HOMICIDE,FIRST DEGREE MURDER,STREET,false,false,0421,7,01A,1194033,1853729,2012,41.75356945,-87.56450286,"(41.75356945, -87.56450286)"
HV102986,01/03/2012 12:07:00 PM,010XX N PULASKI RD,0110,HOMICIDE,FIRST DEGREE MURDER,STREET,false,false,1111,37,01A,1149528,1906741,2012,41.900017263,-87.726225708,"(41.900017263, -87.726225708)"
HV103489,01/04/2012 09:20:00 AM,024XX W 71ST ST,0110,HOMICIDE,FIRST DEGREE MURDER,STREET,false,false,0832,15,01A,1161166,1857504,2012,41.764671452,-87.684844209,"(41.764671452, -87.684844209)"
HV104908,01/04/2012 08:11:00 PM,057XX S LAFLIN ST,0110,HOMICIDE,FIRST DEGREE MURDER,STREET,false,false,0713,16,01A,1167316,1866729,2012,41.789856574,-87.662038784,"(41.789856574, -87.662038784)"
HV105192,01/05/2012 02:35:00 AM,046XX W MONROE ST,0110,HOMICIDE,FIRST DEGREE MURDER,STREET,false,false,1113,28,01A,1145493,1899161,2012,41.879294275,-87.741238618,"(41.879294275, -87.741238618)"
HV103598,01/05/2012 08:00:00 AM,017XX W ALBION AVE,0110,HOMICIDE,FIRST DEGREE MURDER,APARTMENT,true,true,2432,40,01A,1163697,1943895,2012,42.001682746,-87.67313138,"(42.001682746, -87.67313138)"
HV107009,01/06/2012 02:32:00 PM,044XX W MONROE ST,0110,HOMICIDE,FIRST DEGREE MURDER,STREET,true,false,1113,28,01A,1146754,1899292,2012,41.879629789,-87.736605042,"(41.879629789, -87.736605042)"
HV108112,01/07/2012 06:42:00 AM,009XX N WALLER AVE,0110,HOMICIDE,FIRST DEGREE MURDER,APARTMENT,true,true,1511,29,01A,1138187,1905673,2012,41.897299216,-87.767907874,"(41.897299216, -87.767907874)"
HV108064,01/07/2012 03:57:00 PM,040XX W MELROSE ST,0110,HOMICIDE,FIRST DEGREE MURDER,STREET,true,false,1731,31,01A,1148956,1921306,2012,41.93999607,-87.727949036,"(41.93999607, -87.727949036)"
HV108827,01/07/2012 05:54:00 PM,056XX S JUSTINE ST,0110,HOMICIDE,FIRST DEGREE MURDER,ALLEY,false,false,0713,16,01A,1166970,1867349,2012,41.791565336,-87.663289748,"(41.791565336, -87.663289748)"
HV109294,01/08/2012 05:50:00 AM,000XX W 69TH ST,0110,HOMICIDE,FIRST DEGREE MURDER,STREET,false,false,0731,6,01A,1177279,1859276,2012,41.769185486,-87.625732415,"(41.769185486, -87.625732415)"
HV109353,01/08/2012 06:09:00 AM,023XX S WHIPPLE ST,0110,HOMICIDE,FIRST DEGREE MURDER,AUTO,false,false,1033,12,01A,1156390,1888398,2012,41.849546197,-87.701517256,"(41.849546197, -87.701517256)"
HV109263,01/09/2012 12:18:00 AM,022XX N LAWLER AVE,0110,HOMICIDE,FIRST DEGREE MURDER,APARTMENT,false,false,2522,31,01A,1142355,1914507,2012,41.92146429,-87.752379397,"(41.92146429, -87.752379397)"
HV110526,01/09/2012 08:28:00 AM,057XX S SANGAMON ST,0110,HOMICIDE,FIRST DEGREE MURDER,STREET,false,false,0712,16,01A,1170958,1866699,2012,41.78969544,-87.648685524,"(41.78969544, -87.648685524)"
HT612076,01/09/2012 12:43:00 PM,057XX S WINCHESTER AVE,0110,HOMICIDE,FIRST DEGREE MURDER,STREET,true,false,0715,15,01A,1164338,1866575,2012,41.789497268,-87.672962604,"(41.789497268, -87.672962604)"
HV111716,01/10/2012 12:29:00 AM,058XX N KENMORE AVE,0110,HOMICIDE,FIRST DEGREE MURDER,ALLEY,false,false,2022,48,01A,1168188,1938974,2012,41.988083216,-87.656752717,"(41.988083216, -87.656752717)"
HV112746,01/10/2012 05:46:00 PM,049XX W POLK ST,0110,HOMICIDE,FIRST DEGREE MURDER,STREET,false,false,1533,24,01A,1143695,1895845,2012,41.870228606,-87.7479237,"(41.870228606, -87.7479237)"
HV113178,01/11/2012 12:45:00 AM,084XX S PEORIA ST,0110,HOMICIDE,FIRST DEGREE MURDER,STREET,false,false,0613,21,01A,1171784,1848819,2012,41.74061243,-87.646180582,"(41.74061243, -87.646180582)"
HV114596,01/11/2012 11:00:00 PM,006XX W PATTERSON AVE,0110,HOMICIDE,FIRST DEGREE MURDER,APARTMENT,true,true,1925,46,01A,1171045,1924647,2012,41.948707142,-87.646666855,"(41.948707142, -87.646666855)"
HV117097,01/13/2012 11:37:00 PM,058XX S FAIRFIELD AVE,0110,HOMICIDE,FIRST DEGREE MURDER,STREET,true,false,0824,16,01A,1159039,1865860,2012,41.787645257,-87.692412039,"(41.787645257, -87.692412039)"
HV117352,01/14/2012 04:50:00 AM,042XX W 63RD ST,0110,HOMICIDE,FIRST DEGREE MURDER,APARTMENT,true,true,0813,13,01A,1148996,1862483,2012,41.77857777,-87.729322944,"(41.77857777, -87.729322944)"
HV117302,01/14/2012 12:57:00 PM,014XX E 76TH ST,0110,HOMICIDE,FIRST DEGREE MURDER,STREET,false,false,0411,5,01A,1186966,1854883,2012,41.756906514,-87.590363943,"(41.756906514, -87.590363943)"
HV120395,01/16/2012 08:48:00 PM,063XX S CAMPBELL AVE,0110,HOMICIDE,FIRST DEGREE MURDER,STREET,false,false,0825,15,01A,1160796,1862490,2012,41.778361393,-87.68606283,"(41.778361393, -87.68606283)"
HV121575,01/17/2012 04:30:00 PM,015XX W 94TH ST,0110,HOMICIDE,FIRST DEGREE MURDER,STREET,false,false,2221,21,01A,1167735,1842389,2012,41.723055324,-87.661199704,"(41.723055324, -87.661199704)"
HV130003,01/20/2012 08:00:00 AM,020XX S MAY ST,0110,HOMICIDE,FIRST DEGREE MURDER,APARTMENT,true,true,1235,25,01A,1169113,1890446,2012,41.854899722,-87.654762896,"(41.854899722, -87.654762896)"
HV123567,01/20/2012 07:46:00 PM,072XX S WESTERN AVE,0110,HOMICIDE,FIRST DEGREE MURDER,GAS STATION DRIVE/PROP.,false,false,0832,18,01A,1161626,1856687,2012,41.762419957,-87.683180808,"(41.762419957, -87.683180808)"
HV125887,01/20/2012 11:23:00 PM,018XX W JUNEWAY TER,0110,HOMICIDE,FIRST DEGREE MURDER,STREET,false,false,2422,49,01A,1162821,1951492,2012,42.022547568,-87.676139494,"(42.022547568, -87.676139494)"
HV125847,01/21/2012 01:25:00 AM,003XX W CHICAGO AVE,0110,HOMICIDE,FIRST DEGREE MURDER,STREET,true,false,1831,42,01A,1174001,1905669,2012,41.896565217,-87.636368223,"(41.896565217, -87.636368223)"
HV126713,01/21/2012 07:01:00 PM,024XX W ARMITAGE AVE,0110,HOMICIDE,FIRST DEGREE MURDER,AUTO,true,false,1434,1,01A,1159966,1913212,2012,41.917565094,-87.687707689,"(41.917565094, -87.687707689)"
HV127105,01/22/2012 02:35:00 AM,006XX E 90TH ST,0110,HOMICIDE,FIRST DEGREE MURDER,STREET,false,false,0633,6,01A,1181986,1845440,2012,41.731110444,-87.608905934,"(41.731110444, -87.608905934)"
HV128067,01/23/2012 12:30:00 AM,076XX N SHERIDAN RD,0110,HOMICIDE,FIRST DEGREE MURDER,AUTO,false,false,2422,49,01A,1165468,1950779,2012,42.0205349,-87.666418834,"(42.0205349, -87.666418834)"
HV128067,01/23/2012 12:30:00 AM,076XX N SHERIDAN RD,0110,HOMICIDE,FIRST DEGREE MURDER,AUTO,false,false,2422,49,01A,1165468,1950779,2012,42.0205349,-87.666418834,"(42.0205349, -87.666418834)"
HV128261,01/23/2012 08:56:00 AM,074XX S MERRILL AVE,0110,HOMICIDE,FIRST DEGREE MURDER,ALLEY,false,false,0333,5,01A,1191841,1856055,2012,41.760005657,-87.572460212,"(41.760005657, -87.572460212)"
HV128507,01/23/2012 12:00:00 PM,064XX S HERMITAGE AVE,0110,HOMICIDE,FIRST DEGREE MURDER,APARTMENT,true,true,0725,15,01A,1165778,1861897,2012,41.77662977,-87.667815322,"(41.77662977, -87.667815322)"
HV128858,01/23/2012 03:53:00 PM,020XX W 68TH ST,0110,HOMICIDE,FIRST DEGREE MURDER,STREET,false,false,0726,17,01A,1163965,1859558,2012,41.770249547,-87.674527403,"(41.770249547, -87.674527403)"
HV129475,01/24/2012 12:59:00 AM,056XX S PERRY AVE,0110,HOMICIDE,FIRST DEGREE MURDER,STREET,true,true,0233,3,01A,1176660,1867676,2012,41.792249921,-87.627748714,"(41.792249921, -87.627748714)"
HV141190,02/01/2012 07:30:00 PM,019XX S TROY ST,0110,HOMICIDE,FIRST DEGREE MURDER,STREET,false,false,1022,24,01A,1155664,1890355,2012,41.854931054,-87.704129154,"(41.854931054, -87.704129154)"
HV143181,02/02/2012 10:11:00 PM,059XX S CALUMET AVE,0110,HOMICIDE,FIRST DEGREE MURDER,ALLEY,false,false,0234,20,01A,1179497,1865741,2012,41.786875732,-87.617405044,"(41.786875732, -87.617405044)"
HV146311,02/06/2012 10:32:00 PM,028XX W 66TH ST,0110,HOMICIDE,FIRST DEGREE MURDER,AUTO,false,false,0831,15,01A,1158427,1860746,2012,41.773624208,-87.694795243,"(41.773624208, -87.694795243)"
HV149555,02/08/2012 04:52:00 PM,012XX W 59TH ST,0110,HOMICIDE,FIRST DEGREE MURDER,GAS STATION DRIVE/PROP.,false,false,0713,16,01A,1169094,1865656,2012,41.786873855,-87.655550394,"(41.786873855, -87.655550394)"
HV151961,02/10/2012 07:29:00 AM,011XX N WESTERN AVE,0110,HOMICIDE,FIRST DEGREE MURDER,RESTAURANT,true,false,1312,1,01A,1160198,1907658,2012,41.902319697,-87.687009075,"(41.902319697, -87.687009075)"
HV153666,02/11/2012 03:34:00 AM,030XX W 23RD ST,0110,HOMICIDE,FIRST DEGREE MURDER,STREET,true,false,1033,24,01A,1156250,1888560,2012,41.849993569,-87.702026705,"(41.849993569, -87.702026705)"
HV153696,02/11/2012 04:38:00 AM,002XX N LOREL AVE,0110,HOMICIDE,FIRST DEGREE MURDER,STREET,false,false,1523,28,01A,1140670,1901124,2012,41.884770936,-87.758899868,"(41.884770936, -87.758899868)"
HV154847,02/12/2012 01:15:00 AM,019XX S LAWNDALE AVE,0110,HOMICIDE,FIRST DEGREE MURDER,HALLWAY,true,false,1014,24,01A,1152010,1890114,2012,41.854342414,-87.717547369,"(41.854342414, -87.717547369)"
HV161867,02/17/2012 11:58:00 AM,035XX W HURON ST,0110,HOMICIDE,FIRST DEGREE MURDER,APARTMENT,false,false,1121,27,01A,1152804,1904443,2012,41.89364708,-87.714253714,"(41.89364708, -87.714253714)"
HV163768,02/18/2012 07:33:00 PM,034XX N MONTICELLO AVE,0110,HOMICIDE,FIRST DEGREE MURDER,STREET,true,false,1732,35,01A,1151451,1922528,2012,41.943300617,-87.718746857,"(41.943300617, -87.718746857)"
HV164067,02/19/2012 02:56:00 AM,016XX N ELSTON AVE,0110,HOMICIDE,FIRST DEGREE MURDER,STREET,true,false,1433,32,01A,1166584,1911401,2012,41.91245631,-87.663445006,"(41.91245631, -87.663445006)"
HV164425,02/19/2012 12:30:00 PM,050XX S HERMITAGE AVE,0110,HOMICIDE,FIRST DEGREE MURDER,STREET,false,false,0931,16,01A,1165533,1871202,2012,41.802169045,-87.668449681,"(41.802169045, -87.668449681)"
HV164778,02/19/2012 05:43:00 PM,028XX W 25TH ST,0110,HOMICIDE,FIRST DEGREE MURDER,AUTO,true,false,1033,12,01A,1157924,1887278,2012,41.846441684,-87.695917766,"(41.846441684, -87.695917766)"
HV164829,02/19/2012 06:26:00 PM,053XX S HOYNE AVE,0110,HOMICIDE,FIRST DEGREE MURDER,STREET,false,false,0915,16,01A,1163272,1869042,2012,41.796289432,-87.676802226,"(41.796289432, -87.676802226)"
HV164849,02/19/2012 06:40:00 PM,025XX E 79TH ST,0110,HOMICIDE,FIRST DEGREE MURDER,STREET,false,false,0421,7,01A,1194335,1853075,2012,41.751767411,-87.563417608,"(41.751767411, -87.563417608)"
HV164849,02/19/2012 06:40:00 PM,025XX E 79TH ST,0110,HOMICIDE,FIRST DEGREE MURDER,STREET,false,false,0421,7,01A,1194335,1853075,2012,41.751767411,-87.563417608,"(41.751767411, -87.563417608)"
HV160915,02/20/2012 10:51:00 PM,064XX S DR MARTIN LUTHER KING JR DR,0110,HOMICIDE,FIRST DEGREE MURDER,STREET,false,false,0312,20,01A,1180027,1862432,2012,41.777783389,-87.615563072,"(41.777783389, -87.615563072)"
HV170129,02/23/2012 06:42:00 PM,015XX S KEDZIE AVE,0110,HOMICIDE,FIRST DEGREE MURDER,ALLEY,false,false,1022,24,01A,1155282,1892116,2012,41.859771107,-87.705484004,"(41.859771107, -87.705484004)"
HV170751,02/24/2012 09:30:00 AM,073XX S BENNETT AVE,0110,HOMICIDE,FIRST DEGREE MURDER,APARTMENT,false,false,0333,5,01A,1189976,1856768,2012,41.762007252,-87.579272426,"(41.762007252, -87.579272426)"
HV170940,02/24/2012 12:06:00 PM,048XX S LAFLIN ST,0110,HOMICIDE,FIRST DEGREE MURDER,STREET,false,false,0931,20,01A,1167151,1872707,2012,41.806264438,-87.662472724,"(41.806264438, -87.662472724)"
HV171083,02/24/2012 01:46:00 PM,038XX W JACKSON BLVD,0110,HOMICIDE,FIRST DEGREE MURDER,YARD,false,false,1133,28,01A,1150874,1898414,2012,41.877140857,-87.721499862,"(41.877140857, -87.721499862)"
HV171879,02/25/2012 01:30:00 AM,120XX S INDIANA AVE,0110,HOMICIDE,FIRST DEGREE MURDER,HOUSE,false,false,0532,9,01A,1179740,1825236,2012,41.675719502,-87.617748779,"(41.675719502, -87.617748779)"
HV173613,02/26/2012 04:20:00 PM,116XX S ADA ST,0110,HOMICIDE,FIRST DEGREE MURDER,STREET,false,false,0524,34,01A,1169419,1827671,2012,41.682630557,-87.655455714,"(41.682630557, -87.655455714)"
HV175292,02/27/2012 08:02:00 PM,003XX E 53RD ST,0110,HOMICIDE,FIRST DEGREE MURDER,HALLWAY,false,false,0234,3,01A,1179604,1869960,2012,41.798450614,-87.616883811,"(41.798450614, -87.616883811)"
HV176745,02/28/2012 09:54:00 PM,068XX S ROCKWELL ST,0110,HOMICIDE,FIRST DEGREE MURDER,STREET,false,false,0831,15,01A,1160222,1859105,2012,41.769084308,-87.688260239,"(41.769084308, -87.688260239)"
HV177424,02/29/2012 12:28:00 PM,014XX W 79TH ST,0110,HOMICIDE,FIRST DEGREE MURDER,PARKING LOT,false,false,0612,17,01A,1168287,1852366,2012,41.750421805,-87.658891391,"(41.750421805, -87.658891391)"
HV178038,02/29/2012 06:51:00 PM,005XX E 104TH PL,0110,HOMICIDE,FIRST DEGREE MURDER,HOUSE,false,false,0512,9,01A,1181956,1835794,2012,41.704641317,-87.609312999,"(41.704641317, -87.609312999)"
HV178492,03/01/2012 08:20:00 AM,102XX S CRANDON AVE,0110,HOMICIDE,FIRST DEGREE MURDER,PUBLIC HIGH SCHOOL,true,false,0431,10,01A,1193510,1837599,2012,41.709320072,-87.566945747,"(41.709320072, -87.566945747)"
HV180021,03/02/2012 09:55:00 AM,118XX S SANGAMON ST,0110,HOMICIDE,FIRST DEGREE MURDER,STREET,false,false,0524,34,01A,1172120,1826382,2012,41.679034586,-87.645606079,"(41.679034586, -87.645606079)"
HV180654,03/02/2012 05:05:00 PM,058XX W HURON ST,0110,HOMICIDE,FIRST DEGREE MURDER,ALLEY,false,false,1511,29,01A,1137360,1904050,2012,41.892860415,-87.770984454,"(41.892860415, -87.770984454)"
HV181039,03/02/2012 11:40:00 PM,002XX E 55TH PL,0110,HOMICIDE,FIRST DEGREE MURDER,STREET,true,false,0231,3,01A,1178668,1868272,2012,41.793839941,-87.620367621,"(41.793839941, -87.620367621)"
HV183140,03/04/2012 05:41:00 PM,022XX S WOOD ST,0110,HOMICIDE,FIRST DEGREE MURDER,STREET,false,false,1034,25,01A,1164717,1889362,2012,41.852019321,-87.670928787,"(41.852019321, -87.670928787)"
HV184810,03/06/2012 12:08:00 AM,006XX W STRATFORD PL,0110,HOMICIDE,FIRST DEGREE MURDER,APARTMENT,true,true,1925,44,01A,1171505,1923332,2012,41.945088611,-87.64501481,"(41.945088611, -87.64501481)"
HV185891,03/06/2012 06:40:00 PM,065XX S DREXEL AVE,0110,HOMICIDE,FIRST DEGREE MURDER,STREET,false,false,0321,20,01A,1183349,1861897,2012,41.776238566,-87.603401333,"(41.776238566, -87.603401333)"
HV186233,03/06/2012 11:20:00 PM,030XX E 79TH PL,0110,HOMICIDE,FIRST DEGREE MURDER,STREET,true,false,0422,7,01A,1197903,1852841,2012,41.751036939,-87.550350636,"(41.751036939, -87.550350636)"
HV188763,03/08/2012 04:13:00 PM,026XX W LITHUANIAN PLAZA CT,0110,HOMICIDE,FIRST DEGREE MURDER,STREET,false,false,0831,15,01A,1160007,1858797,2012,41.768243533,-87.689056789,"(41.768243533, -87.689056789)"
HV190454,03/09/2012 06:35:00 PM,004XX N LOCKWOOD AVE,0110,HOMICIDE,FIRST DEGREE MURDER,YARD,true,false,1523,28,01A,1140962,1902368,2012,41.888179258,-87.757796948,"(41.888179258, -87.757796948)"
HV190926,03/10/2012 12:00:00 PM,016XX N SPAULDING AVE,0110,HOMICIDE,FIRST DEGREE MURDER,STREET,false,false,1422,26,01A,1153893,1910685,2012,41.910754075,-87.710087618,"(41.910754075, -87.710087618)"
HV176540,03/10/2012 08:12:00 PM,055XX S PRAIRIE AVE,0110,HOMICIDE,FIRST DEGREE MURDER,STREET,false,false,0231,20,01A,1178988,1868199,2012,41.793632334,-87.619196435,"(41.793632334, -87.619196435)"
HV193128,03/11/2012 08:47:00 PM,002XX S WESTERN AVE,0110,HOMICIDE,FIRST DEGREE MURDER,STREET,true,false,1211,2,01A,1160442,1898890,2012,41.878254507,-87.68635566,"(41.878254507, -87.68635566)"
HV186143,03/12/2012 05:40:00 PM,042XX S INDIANA AVE,0110,HOMICIDE,FIRST DEGREE MURDER,STREET,false,false,0213,3,01A,1178302,1877043,2012,41.81791667,-87.62144331,"(41.81791667, -87.62144331)"
HV194712,03/12/2012 08:40:00 PM,009XX E 79TH ST,0110,HOMICIDE,FIRST DEGREE MURDER,AUTO,false,false,0624,8,01A,1184073,1852826,2012,41.751329969,-87.601030331,"(41.751329969, -87.601030331)"
HV194936,03/12/2012 11:36:00 PM,023XX S DAMEN AVE,0110,HOMICIDE,FIRST DEGREE MURDER,STREET,true,false,1034,25,01A,1163399,1888665,2012,41.850134482,-87.675785789,"(41.850134482, -87.675785789)"
HV197452,03/14/2012 05:44:00 PM,085XX S KINGSTON AVE,0110,HOMICIDE,FIRST DEGREE MURDER,AUTO,false,false,0423,7,01A,1194649,1848775,2012,41.739960146,-87.562408141,"(41.739960146, -87.562408141)"
HV197846,03/14/2012 10:31:00 PM,034XX W 64TH ST,0110,HOMICIDE,FIRST DEGREE MURDER,STREET,false,false,0823,15,01A,1154660,1861968,2012,41.777053483,-87.708571834,"(41.777053483, -87.708571834)"
HV197912,03/15/2012 02:57:00 AM,030XX S ST LOUIS AVE,0110,HOMICIDE,FIRST DEGREE MURDER,PORCH,true,false,1032,22,01A,1153517,1884187,2012,41.838048222,-87.712173381,"(41.838048222, -87.712173381)"
HV201070,03/17/2012 12:15:00 AM,031XX W 53RD ST,0110,HOMICIDE,FIRST DEGREE MURDER,AUTO,false,false,0923,14,01A,1156186,1869315,2012,41.79718415,-87.702779969,"(41.79718415, -87.702779969)"
HV202018,03/17/2012 03:35:00 PM,031XX S SPRINGFIELD AVE,0110,HOMICIDE,FIRST DEGREE MURDER,PORCH,true,false,1031,22,01A,1150872,1883532,2012,41.836302897,-87.721896322,"(41.836302897, -87.721896322)"
HV202342,03/17/2012 07:52:00 PM,008XX E 79TH ST,0110,HOMICIDE,FIRST DEGREE MURDER,STREET,false,false,0624,6,01A,1183041,1852803,2012,41.751290896,-87.60481278,"(41.751290896, -87.60481278)"
HV202304,03/17/2012 08:17:00 PM,059XX S FAIRFIELD AVE,0110,HOMICIDE,FIRST DEGREE MURDER,STREET,false,false,0824,16,01A,1159059,1865175,2012,41.785765113,-87.692357431,"(41.785765113, -87.692357431)"
HV202301,03/17/2012 10:15:00 PM,005XX S DENVIR AVE,0110,HOMICIDE,FIRST DEGREE MURDER,AUTO,false,false,1135,2,01A,1159547,1897533,2012,41.874549237,-87.689679268,"(41.874549237, -87.689679268)"
HV202542,03/17/2012 10:19:00 PM,064XX S ELLIS AVE,0110,HOMICIDE,FIRST DEGREE MURDER,AUTO,false,false,0314,20,01A,1184161,1862588,2012,41.778115781,-87.600403043,"(41.778115781, -87.600403043)"
HV202736,03/18/2012 02:16:00 AM,075XX S WOLCOTT AVE,0110,HOMICIDE,FIRST DEGREE MURDER,YARD,false,false,0611,18,01A,1164993,1854740,2012,41.757006621,-87.670895174,"(41.757006621, -87.670895174)"
HV202767,03/18/2012 03:05:00 AM,014XX W 53RD ST,0110,HOMICIDE,FIRST DEGREE MURDER,STREET,false,false,0934,16,01A,1167756,1869603,2012,41.797733729,-87.660342934,"(41.797733729, -87.660342934)"
HV200885,03/18/2012 03:15:00 PM,063XX N OAKLEY AVE,0110,HOMICIDE,FIRST DEGREE MURDER,STREET,true,false,2413,50,01A,1159828,1942126,2012,41.99690953,-87.687413995,"(41.99690953, -87.687413995)"
HV203964,03/18/2012 10:50:00 PM,013XX N HARDING AVE,0110,HOMICIDE,FIRST DEGREE MURDER,PORCH,true,false,2535,30,01A,1149797,1908887,2012,41.905900873,-87.725181777,"(41.905900873, -87.725181777)"
HV204101,03/19/2012 06:08:00 AM,025XX W LEXINGTON ST,0110,HOMICIDE,FIRST DEGREE MURDER,ALLEY,false,false,1135,2,01A,1159550,1896616,2012,41.87203284,-87.6896935,"(41.87203284, -87.6896935)"
HV203582,03/19/2012 09:35:00 AM,035XX W LAWRENCE AVE,0110,HOMICIDE,FIRST DEGREE MURDER,STREET,false,false,1712,39,01A,1151759,1931662,2012,41.968358893,-87.717373489,"(41.968358893, -87.717373489)"
HV206735,03/20/2012 06:20:00 PM,015XX W 91ST ST,0110,HOMICIDE,FIRST DEGREE MURDER,STREET,true,false,2221,21,01A,1167464,1844381,2012,41.728527475,-87.66213546,"(41.728527475, -87.66213546)"
HV207478,03/21/2012 08:36:00 AM,007XX W 61ST ST,0110,HOMICIDE,FIRST DEGREE MURDER,STREET,true,false,0711,16,01A,1172440,1864420,2012,41.783409097,-87.643318555,"(41.783409097, -87.643318555)"
HV207595,03/21/2012 10:06:00 AM,016XX W 72ND ST,0110,HOMICIDE,FIRST DEGREE MURDER,STREET,true,false,0735,17,01A,1166808,1856969,2012,41.763084756,-87.664179939,"(41.763084756, -87.664179939)"
HV207916,03/21/2012 01:48:00 PM,028XX S KILDARE AVE,0110,HOMICIDE,FIRST DEGREE MURDER,ALLEY,true,false,1031,22,01A,1148183,1884840,2012,41.839944326,-87.731729746,"(41.839944326, -87.731729746)"
HV210050,03/22/2012 07:28:00 PM,055XX S BISHOP ST,0110,HOMICIDE,FIRST DEGREE MURDER,PORCH,false,false,0713,16,01A,1167612,1867923,2012,41.793126705,-87.660919195,"(41.793126705, -87.660919195)"
HV210902,03/23/2012 12:12:00 PM,081XX S PAULINA ST,0110,HOMICIDE,FIRST DEGREE MURDER,APARTMENT,true,true,0614,18,01A,1166425,1850796,2012,41.746153351,-87.665759266,"(41.746153351, -87.665759266)"
HV211600,03/23/2012 06:32:00 PM,005XX W 75TH ST,0110,HOMICIDE,FIRST DEGREE MURDER,STREET,true,false,0621,17,01A,1174097,1855184,2012,41.758027797,-87.637517408,"(41.758027797, -87.637517408)"
HV213173,03/24/2012 08:46:00 PM,133XX S INDIANA AVE,0110,HOMICIDE,FIRST DEGREE MURDER,RETAIL STORE,true,false,0533,9,01A,1179952,1816692,2012,41.652268611,-87.617232658,"(41.652268611, -87.617232658)"
HV213223,03/24/2012 10:27:00 PM,062XX S HONORE ST,0110,HOMICIDE,FIRST DEGREE MURDER,ALLEY,true,false,0714,15,01A,1165093,1863201,2012,41.780222635,-87.670289648,"(41.780222635, -87.670289648)"
HV213752,03/25/2012 09:58:00 AM,042XX W CORTLAND ST,0110,HOMICIDE,FIRST DEGREE MURDER,STREET,false,false,2534,30,01A,1147964,1912291,2012,41.915277252,-87.731827415,"(41.915277252, -87.731827415)"
HV214020,03/25/2012 04:42:00 PM,022XX N LAVERGNE AVE,0110,HOMICIDE,FIRST DEGREE MURDER,STREET,false,false,2522,31,01A,1142689,1914530,2012,41.921521189,-87.751151608,"(41.921521189, -87.751151608)"
HV213410,03/25/2012 09:20:00 PM,059XX S HALSTED ST,0110,HOMICIDE,FIRST DEGREE MURDER,STREET,false,false,0712,16,01A,1171984,1865568,2012,41.786569368,-87.644956704,"(41.786569368, -87.644956704)"
HV215318,03/26/2012 02:38:00 PM,014XX W 73RD ST,0110,HOMICIDE,FIRST DEGREE MURDER,YARD,true,false,0734,17,01A,1167680,1856330,2012,41.761312596,-87.661002202,"(41.761312596, -87.661002202)"
HV217229,03/27/2012 07:51:00 PM,014XX E 75TH ST,0110,HOMICIDE,FIRST DEGREE MURDER,STREET,true,false,0324,5,01A,1187031,1855548,2012,41.758729795,-87.590104677,"(41.758729795, -87.590104677)"
HV217424,03/27/2012 09:58:00 PM,063XX S EVANS AVE,0110,HOMICIDE,FIRST DEGREE MURDER,APARTMENT,true,false,0312,20,01A,1182310,1863074,2012,41.779492501,-87.607173759,"(41.779492501, -87.607173759)"
HV217424,03/27/2012 10:57:00 PM,063XX S EVANS AVE,0110,HOMICIDE,FIRST DEGREE MURDER,APARTMENT,true,false,0312,20,01A,1182310,1863074,2012,41.779492501,-87.607173759,"(41.779492501, -87.607173759)"
HV217424,03/27/2012 10:58:00 PM,063XX S EVANS AVE,0110,HOMICIDE,FIRST DEGREE MURDER,APARTMENT,true,false,0312,20,01A,1182310,1863074,2012,41.779492501,-87.607173759,"(41.779492501, -87.607173759)"
HV219526,03/29/2012 12:52:00 PM,013XX S KILDARE AVE,0110,HOMICIDE,FIRST DEGREE MURDER,APARTMENT,true,false,1011,24,01A,1147933,1893384,2012,41.86339496,-87.732427749,"(41.86339496, -87.732427749)"
HV219857,03/29/2012 04:39:00 PM,000XX E 113TH PL,0110,HOMICIDE,FIRST DEGREE MURDER,STREET,true,false,0531,9,01A,1178450,1829723,2012,41.6880618,-87.622334896,"(41.6880618, -87.622334896)"
HV219987,03/29/2012 06:01:00 PM,014XX W 79TH ST,0110,HOMICIDE,FIRST DEGREE MURDER,RETAIL STORE,false,false,0612,21,01A,1167873,1852355,2012,41.750400515,-87.660408795,"(41.750400515, -87.660408795)"
HV220222,03/29/2012 11:40:00 PM,063XX S CAMPBELL AVE,0110,HOMICIDE,FIRST DEGREE MURDER,APARTMENT,true,false,0825,15,01A,1160795,1862510,2012,41.778416297,-87.686065944,"(41.778416297, -87.686065944)"
HV220711,03/30/2012 09:14:00 AM,038XX N NORMANDY AVE,0110,HOMICIDE,FIRST DEGREE MURDER,HOUSE,true,true,1632,38,01A,1130843,1924606,2012,41.949383354,-87.794444909,"(41.949383354, -87.794444909)"
HV223307,04/01/2012 04:03:00 AM,026XX S TRIPP AVE,0110,HOMICIDE,FIRST DEGREE MURDER,STREET,true,false,1031,22,01A,1148480,1886125,2012,41.843464822,-87.730606778,"(41.843464822, -87.730606778)"
HV225544,04/02/2012 07:58:00 PM,061XX S WASHTENAW AVE,0110,HOMICIDE,FIRST DEGREE MURDER,STREET,false,false,0825,15,01A,1159431,1863775,2012,41.7819157,-87.691031837,"(41.7819157, -87.691031837)"
HV229295,04/05/2012 02:05:00 PM,068XX N ASHLAND BLVD,0110,HOMICIDE,FIRST DEGREE MURDER,STREET,true,false,2431,49,01A,1164546,1945414,2012,42.005832909,-87.669964736,"(42.005832909, -87.669964736)"
HV229785,04/05/2012 08:01:00 PM,064XX S FRANCISCO AVE,0110,HOMICIDE,FIRST DEGREE MURDER,STREET,false,false,0823,15,01A,1158151,1861888,2012,41.776763642,-87.695775971,"(41.776763642, -87.695775971)"
HV230510,04/06/2012 01:35:00 PM,008XX E 81ST ST,0110,HOMICIDE,FIRST DEGREE MURDER,STREET,true,false,0631,8,01A,1183175,1851472,2012,41.747635376,-87.604363064,"(41.747635376, -87.604363064)"
HV231394,04/07/2012 12:34:00 AM,040XX S ALBANY AVE,0110,HOMICIDE,FIRST DEGREE MURDER,PORCH,false,false,0921,14,01A,1156350,1877511,2012,41.819671764,-87.701957751,"(41.819671764, -87.701957751)"
HV232043,04/07/2012 01:35:00 PM,007XX S FRANCISCO AVE,0110,HOMICIDE,FIRST DEGREE MURDER,STREET,false,false,1135,2,01A,1157156,1896427,2012,41.871563129,-87.698488032,"(41.871563129, -87.698488032)"
HV232663,04/07/2012 10:19:00 PM,046XX S SPAULDING AVE,0110,HOMICIDE,FIRST DEGREE MURDER,PORCH,false,false,0821,14,01A,1155159,1873685,2012,41.809196644,-87.706429259,"(41.809196644, -87.706429259)"
HV232759,04/07/2012 11:11:00 PM,003XX W 108TH ST,0110,HOMICIDE,FIRST DEGREE MURDER,PORCH,false,false,0513,34,01A,1176058,1833310,2012,41.697958905,-87.630984694,"(41.697958905, -87.630984694)"
HV233969,04/09/2012 12:53:00 AM,049XX W GRACE ST,0110,HOMICIDE,FIRST DEGREE MURDER,GARAGE,false,false,1634,45,01A,1142678,1924807,2012,41.949722481,-87.750935505,"(41.949722481, -87.750935505)"
HV234922,04/09/2012 04:08:00 PM,036XX W FRANKLIN BLVD,0110,HOMICIDE,FIRST DEGREE MURDER,STREET,true,true,1122,27,01A,1152194,1903092,2012,41.889951856,-87.716529717,"(41.889951856, -87.716529717)"
HV239435,04/12/2012 07:18:00 PM,006XX W 115TH ST,0110,HOMICIDE,FIRST DEGREE MURDER,AUTO,true,false,0524,34,01A,1173909,1828614,2012,41.685120177,-87.638991784,"(41.685120177, -87.638991784)"
HV241179,04/14/2012 01:23:00 AM,064XX S LANGLEY AVE,0110,HOMICIDE,FIRST DEGREE MURDER,STREET,false,false,0312,20,01A,1182001,1862415,2012,41.777691298,-87.608326947,"(41.777691298, -87.608326947)"
HV241245,04/14/2012 02:45:00 AM,012XX W 69TH ST,0110,HOMICIDE,FIRST DEGREE MURDER,TAXI CAB,false,false,0724,17,01A,1169054,1859022,2012,41.768670211,-87.655888673,"(41.768670211, -87.655888673)"
HV241309,04/14/2012 05:02:00 AM,039XX W 19TH ST,0110,HOMICIDE,FIRST DEGREE MURDER,STREET,true,false,1014,24,01A,1150555,1890348,2012,41.855013048,-87.722881745,"(41.855013048, -87.722881745)"
HV241722,04/14/2012 01:33:00 PM,096XX S CARPENTER ST,0110,HOMICIDE,FIRST DEGREE MURDER,STREET,false,false,2223,21,01A,1171019,1840850,2012,41.718761092,-87.649215524,"(41.718761092, -87.649215524)"
HV242015,04/14/2012 04:10:00 PM,055XX S EMERALD AVE,0110,HOMICIDE,FIRST DEGREE MURDER,HOUSE,true,false,0711,3,01A,1172247,1868059,2012,41.793399164,-87.643919173,"(41.793399164, -87.643919173)"
HV242539,04/15/2012 02:27:00 AM,013XX S SPRINGFIELD AVE,0110,HOMICIDE,FIRST DEGREE MURDER,STREET,true,false,1011,24,01A,1150592,1893566,2012,41.863842903,-87.722661927,"(41.863842903, -87.722661927)"
HV242602,04/15/2012 02:46:00 AM,010XX N WALLER AVE,0110,HOMICIDE,FIRST DEGREE MURDER,HOUSE,true,false,1511,29,01A,1138161,1906459,2012,41.899456567,-87.767984346,"(41.899456567, -87.767984346)"
HV243502,04/15/2012 07:18:00 PM,029XX W ARTHINGTON ST,0110,HOMICIDE,FIRST DEGREE MURDER,STREET,true,false,1135,28,01A,1156929,1895897,2012,41.870113358,-87.699335813,"(41.870113358, -87.699335813)"
HV243931,04/16/2012 04:05:00 AM,045XX W JACKSON BLVD,0110,HOMICIDE,FIRST DEGREE MURDER,ALLEY,false,false,1131,24,01A,1145870,1898295,2012,41.876910723,-87.739876309,"(41.876910723, -87.739876309)"
HV245176,04/16/2012 08:35:00 PM,006XX E 45TH ST,0110,HOMICIDE,FIRST DEGREE MURDER,PORCH,false,false,0221,3,01A,1181279,1875317,2012,41.813112192,-87.610576113,"(41.813112192, -87.610576113)"
HV248011,04/18/2012 07:32:00 PM,012XX N ARTESIAN AVE,0110,HOMICIDE,FIRST DEGREE MURDER,ALLEY,false,false,1423,26,01A,1159849,1908167,2012,41.903723642,-87.688276949,"(41.903723642, -87.688276949)"
HV248341,04/18/2012 11:12:00 PM,007XX E 87TH PL,0110,HOMICIDE,FIRST DEGREE MURDER,STREET,true,false,0632,6,01A,1182724,1847125,2012,41.7357172,-87.606150247,"(41.7357172, -87.606150247)"
HV233237,04/19/2012 12:01:00 AM,013XX N CLEVELAND AVE,0110,HOMICIDE,FIRST DEGREE MURDER,APARTMENT,false,false,1821,27,01A,1172740,1909425,2012,41.906899902,-87.640888264,"(41.906899902, -87.640888264)"
HV248915,04/19/2012 11:40:00 AM,035XX W DOUGLAS BLVD,0110,HOMICIDE,FIRST DEGREE MURDER,STREET,true,false,1021,24,01A,1153133,1893066,2012,41.862420869,-87.713347237,"(41.862420869, -87.713347237)"
HV250915,04/20/2012 05:51:00 PM,014XX N KEELER AVE,0110,HOMICIDE,FIRST DEGREE MURDER,PORCH,false,false,2534,37,01A,1148118,1909357,2012,41.9072231,-87.731337286,"(41.9072231, -87.731337286)"
HV251164,04/20/2012 08:26:00 PM,019XX W 48TH ST,0110,HOMICIDE,FIRST DEGREE MURDER,STREET,true,false,0931,20,01A,1164019,1872840,2012,41.806695917,-87.67395607,"(41.806695917, -87.67395607)"
HV252818,04/22/2012 02:50:00 AM,023XX W GRENSHAW ST,0110,HOMICIDE,FIRST DEGREE MURDER,STREET,false,false,1224,25,01A,1160752,1894985,2012,41.867532404,-87.685325655,"(41.867532404, -87.685325655)"
HV253116,04/22/2012 12:25:00 PM,014XX W 72ND PL,0110,HOMICIDE,FIRST DEGREE MURDER,STREET,false,false,0734,17,01A,1167968,1856669,2012,41.762236675,-87.659936931,"(41.762236675, -87.659936931)"
HV253828,04/22/2012 10:00:00 PM,129XX S MANISTEE AVE,0110,HOMICIDE,FIRST DEGREE MURDER,HOUSE,true,true,0433,10,01A,1196761,1819730,2012,41.660205626,-87.555631154,"(41.660205626, -87.555631154)"
HV256927,04/24/2012 11:35:00 PM,079XX S CAMPBELL AVE,0110,HOMICIDE,FIRST DEGREE MURDER,STREET,false,false,0835,18,01A,1161093,1851842,2012,41.749135591,-87.685268108,"(41.749135591, -87.685268108)"
HV258712,04/26/2012 12:45:00 PM,064XX S GREENWOOD AVE,0110,HOMICIDE,FIRST DEGREE MURDER,YARD,false,false,0314,20,01A,1184483,1862583,2012,41.778094523,-87.59922275,"(41.778094523, -87.59922275)"
HV262611,04/28/2012 05:35:00 PM,090XX S WESTERN AVE,0110,HOMICIDE,FIRST DEGREE MURDER,ALLEY,false,false,2221,19,01A,1161953,1844581,2012,41.729192457,-87.682317993,"(41.729192457, -87.682317993)"
HV262694,04/28/2012 08:15:00 PM,063XX S ST LAWRENCE AVE,0110,HOMICIDE,FIRST DEGREE MURDER,STREET,false,false,0312,20,01A,1181322,1863197,2012,41.779852863,-87.610792057,"(41.779852863, -87.610792057)"
HV262985,04/29/2012 04:51:00 AM,051XX W KINZIE ST,0110,HOMICIDE,FIRST DEGREE MURDER,AUTO,true,false,1532,28,01A,1142103,1902250,2012,41.887834375,-87.753609675,"(41.887834375, -87.753609675)"
HV251982,04/29/2012 08:12:00 PM,024XX W 34TH PL,0110,HOMICIDE,FIRST DEGREE MURDER,AUTO,true,false,0911,12,01A,1160694,1881735,2012,41.831174215,-87.685905313,"(41.831174215, -87.685905313)"
HV264127,04/30/2012 06:19:00 AM,035XX S CALIFORNIA AVE,0110,HOMICIDE,FIRST DEGREE MURDER,AUTO,false,false,0911,12,01A,1158282,1880843,2012,41.828776003,-87.694779486,"(41.828776003, -87.694779486)"
HV265306,04/30/2012 06:53:00 PM,004XX N LAWLER AVE,0110,HOMICIDE,FIRST DEGREE MURDER,AUTO,false,false,1532,28,01A,1142623,1902480,2012,41.888455867,-87.751694316,"(41.888455867, -87.751694316)"
HV268755,05/03/2012 12:01:00 AM,017XX N MONITOR AVE,0110,HOMICIDE,FIRST DEGREE MURDER,ALLEY,true,false,2531,29,01A,1137160,1911006,2012,41.911952129,-87.771551691,"(41.911952129, -87.771551691)"
HV268920,05/03/2012 05:13:00 AM,035XX S PARNELL AVE,0110,HOMICIDE,FIRST DEGREE MURDER,ALLEY,false,false,0915,11,01A,1173208,1881453,2012,41.830132402,-87.639999033,"(41.830132402, -87.639999033)"
HV269776,05/03/2012 05:05:00 PM,090XX S RACINE AVE,0110,HOMICIDE,FIRST DEGREE MURDER,STREET,true,false,2222,21,01A,1169912,1844812,2012,41.729657469,-87.653155429,"(41.729657469, -87.653155429)"
HV269776,05/03/2012 05:05:00 PM,090XX S RACINE AVE,0110,HOMICIDE,FIRST DEGREE MURDER,STREET,true,false,2222,21,01A,1169912,1844812,2012,41.729657469,-87.653155429,"(41.729657469, -87.653155429)"
HV271805,05/04/2012 09:09:00 PM,121XX S GREEN ST,0110,HOMICIDE,FIRST DEGREE MURDER,STREET,false,false,0524,34,01A,1172855,1824295,2012,41.673291386,-87.642976891,"(41.673291386, -87.642976891)"
HV271994,05/04/2012 11:35:00 PM,042XX W CERMAK RD,0110,HOMICIDE,FIRST DEGREE MURDER,APARTMENT,true,false,1013,22,01A,1148149,1889030,2012,41.851442887,-87.731746808,"(41.851442887, -87.731746808)"
HV272275,05/05/2012 07:00:00 AM,056XX N BROADWAY,0110,HOMICIDE,FIRST DEGREE MURDER,ALLEY,false,false,2022,48,01A,1167292,1937591,2012,41.984307605,-87.660088247,"(41.984307605, -87.660088247)"
HV273455,05/06/2012 02:30:00 AM,013XX W 13TH ST,0110,HOMICIDE,FIRST DEGREE MURDER,STREET,true,false,1231,2,01A,1167654,1894186,2012,41.865194117,-87.660010385,"(41.865194117, -87.660010385)"
HV275470,05/07/2012 02:30:00 PM,009XX E 104TH ST,0110,HOMICIDE,FIRST DEGREE MURDER,APARTMENT,false,true,0512,9,01A,1184238,1836191,2012,41.705677782,-87.600944364,"(41.705677782, -87.600944364)"
HV277350,05/08/2012 04:45:00 PM,046XX S LAKE PARK AVE,0110,HOMICIDE,FIRST DEGREE MURDER,APARTMENT,true,true,0222,4,01A,1185932,1874445,2012,41.810610708,-87.593536505,"(41.810610708, -87.593536505)"
HV277521,05/08/2012 10:46:00 PM,040XX W WEST END AVE,0110,HOMICIDE,FIRST DEGREE MURDER,STREET,true,false,1114,28,01A,1149212,1900662,2012,41.88334197,-87.727544035,"(41.88334197, -87.727544035)"
HV278636,05/09/2012 01:55:00 PM,000XX W 108TH PL,0110,HOMICIDE,FIRST DEGREE MURDER,STREET,true,false,0513,34,01A,1177867,1833022,2012,41.69712792,-87.624369795,"(41.69712792, -87.624369795)"
HV278034,05/10/2012 12:06:00 AM,036XX N ASHLAND AVE,0110,HOMICIDE,FIRST DEGREE MURDER,GAS STATION DRIVE/PROP.,false,false,1922,47,01A,1165009,1924140,2012,41.947446464,-87.668868434,"(41.947446464, -87.668868434)"
HV280450,05/10/2012 05:38:00 PM,053XX S HOYNE AVE,0110,HOMICIDE,FIRST DEGREE MURDER,STREET,true,false,0932,16,01A,1163273,1869027,2012,41.796248249,-87.676798979,"(41.796248249, -87.676798979)"
HV280450,05/10/2012 07:45:00 PM,053XX S HOYNE AVE,0110,HOMICIDE,FIRST DEGREE MURDER,STREET,true,false,0932,16,01A,1163273,1869027,2012,41.796248249,-87.676798979,"(41.796248249, -87.676798979)"
HV282343,05/11/2012 08:49:00 PM,027XX S HOMAN AVE,0110,HOMICIDE,FIRST DEGREE MURDER,STREET,false,false,1032,22,01A,1154143,1885557,2012,41.841795224,-87.709839783,"(41.841795224, -87.709839783)"
HV282459,05/12/2012 01:07:00 AM,016XX W 79TH ST,0110,HOMICIDE,FIRST DEGREE MURDER,STREET,false,false,0611,21,01A,1166578,1852320,2012,41.750332165,-87.665155275,"(41.750332165, -87.665155275)"
HV282889,05/12/2012 07:29:00 AM,062XX S RHODES AVE,0110,HOMICIDE,FIRST DEGREE MURDER,ALLEY,false,false,0313,20,01A,1180972,1863815,2012,41.781556777,-87.612056189,"(41.781556777, -87.612056189)"
HV282948,05/12/2012 09:05:00 AM,064XX S MARYLAND AVE,0110,HOMICIDE,FIRST DEGREE MURDER,APARTMENT,false,false,0312,20,01A,1183000,1862676,2012,41.778384336,-87.604656531,"(41.778384336, -87.604656531)"
HV284017,05/13/2012 12:14:00 AM,016XX N MOZART ST,0110,HOMICIDE,FIRST DEGREE MURDER,STREET,false,false,1421,1,01A,1157172,1910809,2012,41.911028328,-87.698038344,"(41.911028328, -87.698038344)"
HV284070,05/13/2012 01:22:00 AM,045XX N MILWAUKEE AVE,0110,HOMICIDE,FIRST DEGREE MURDER,APARTMENT,false,false,1623,45,01A,1140923,1929940,2012,41.963840438,-87.757259911,"(41.963840438, -87.757259911)"
HV282560,05/13/2012 01:30:00 PM,035XX W 83RD PL,0110,HOMICIDE,FIRST DEGREE MURDER,ALLEY,true,false,0834,18,01A,1154212,1848989,2012,41.741445935,-87.710558668,"(41.741445935, -87.710558668)"
HV285267,05/14/2012 01:43:00 AM,013XX S THROOP ST,0110,HOMICIDE,FIRST DEGREE MURDER,STREET,true,false,1231,2,01A,1167922,1893741,2012,41.863967228,-87.659039385,"(41.863967228, -87.659039385)"
HV287606,05/15/2012 02:48:00 PM,030XX E 87TH ST,0110,HOMICIDE,FIRST DEGREE MURDER,STREET,false,false,0424,10,01A,1198119,1847874,2012,41.737401728,-87.549724872,"(41.737401728, -87.549724872)"
HV291152,05/17/2012 07:10:00 PM,079XX S LAFLIN ST,0110,HOMICIDE,FIRST DEGREE MURDER,STREET,true,false,0612,21,01A,1167716,1852031,2012,41.749514782,-87.660993393,"(41.749514782, -87.660993393)"
HV291701,05/18/2012 10:57:00 AM,078XX S GREENWOOD AVE,0110,HOMICIDE,FIRST DEGREE MURDER,STREET,true,true,0624,8,01A,1184911,1853283,2012,41.75256441,-87.597945193,"(41.75256441, -87.597945193)"
HV292797,05/18/2012 08:58:00 PM,026XX W 37TH PL,0110,HOMICIDE,FIRST DEGREE MURDER,STREET,false,false,0911,12,01A,1159312,1879693,2012,41.825599196,-87.691032008,"(41.825599196, -87.691032008)"
HV293107,05/19/2012 05:06:00 AM,116XX S PEORIA ST,0110,HOMICIDE,FIRST DEGREE MURDER,STREET,false,false,0524,34,01A,1172302,1827766,2012,41.682828519,-87.644899406,"(41.682828519, -87.644899406)"
HV294258,05/19/2012 10:15:00 PM,080XX S BRANDON AVE,0110,HOMICIDE,FIRST DEGREE MURDER,STREET,true,false,0422,7,01A,1198880,1852276,2012,41.749462087,-87.546789436,"(41.749462087, -87.546789436)"
HV294343,05/20/2012 12:34:00 AM,101XX S MICHIGAN AVE,0110,HOMICIDE,FIRST DEGREE MURDER,YARD,false,false,0511,9,01A,1179051,1837553,2012,41.70953478,-87.619897253,"(41.70953478, -87.619897253)"
HV295504,05/20/2012 08:20:00 PM,079XX S TROY ST,0110,HOMICIDE,FIRST DEGREE MURDER,STREET,false,false,0835,18,01A,1156758,1851813,2012,41.749144511,-87.701154143,"(41.749144511, -87.701154143)"
HV295764,05/21/2012 12:44:00 AM,022XX S LEAVITT ST,0110,HOMICIDE,FIRST DEGREE MURDER,PORCH,true,false,1034,25,01A,1162048,1889181,2012,41.851578719,-87.680729788,"(41.851578719, -87.680729788)"
HV295764,05/21/2012 02:00:00 AM,022XX S LEAVITT ST,0110,HOMICIDE,FIRST DEGREE MURDER,PORCH,true,false,1034,25,01A,1162048,1889181,2012,41.851578719,-87.680729788,"(41.851578719, -87.680729788)"
HV297328,05/22/2012 02:24:00 AM,116XX S HALE AVE,0110,HOMICIDE,FIRST DEGREE MURDER,STREET,false,false,2212,19,01A,1164716,1827366,2012,41.681893839,-87.672680179,"(41.681893839, -87.672680179)"
HV298101,05/22/2012 03:50:00 PM,070XX S PERRY AVE,0110,HOMICIDE,FIRST DEGREE MURDER,STREET,false,false,0731,6,01A,1176615,1858322,2012,41.766582569,-87.628194981,"(41.766582569, -87.628194981)"
HV298734,05/22/2012 10:30:00 PM,002XX N LOREL AVE,0110,HOMICIDE,FIRST DEGREE MURDER,AUTO,false,false,1523,28,01A,1140665,1901266,2012,41.885160694,-87.758914739,"(41.885160694, -87.758914739)"
HV302309,05/25/2012 04:33:00 AM,006XX E 88TH ST,0110,HOMICIDE,FIRST DEGREE MURDER,STREET,false,false,0632,6,01A,1182105,1846775,2012,41.73477109,-87.608428808,"(41.73477109, -87.608428808)"
HV303630,05/25/2012 11:50:00 PM,065XX S KENWOOD AVE,0110,HOMICIDE,FIRST DEGREE MURDER,HOUSE,true,true,0321,20,01A,1186195,1861860,2012,41.776070273,-87.592969398,"(41.776070273, -87.592969398)"
HV303630,05/25/2012 11:55:00 PM,065XX S KENWOOD AVE,0110,HOMICIDE,FIRST DEGREE MURDER,HOUSE,true,true,0321,20,01A,1186195,1861860,2012,41.776070273,-87.592969398,"(41.776070273, -87.592969398)"
HV303885,05/26/2012 02:16:00 AM,015XX S MILLARD AVE,0110,HOMICIDE,FIRST DEGREE MURDER,STREET,true,false,1014,24,01A,1152292,1892223,2012,41.860124203,-87.716456693,"(41.860124203, -87.716456693)"
HV305240,05/27/2012 02:11:00 AM,024XX W ROOSEVELT RD,0110,HOMICIDE,FIRST DEGREE MURDER,BARBER SHOP/BEAUTY SALON,false,false,1135,28,01A,1160327,1894643,2012,41.866602715,-87.686895354,"(41.866602715, -87.686895354)"
HV303680,05/27/2012 03:20:00 PM,053XX S JUSTINE ST,0110,HOMICIDE,FIRST DEGREE MURDER,STREET,false,false,0934,16,01A,1166912,1869286,2012,41.796881935,-87.663447077,"(41.796881935, -87.663447077)"
HV306578,05/28/2012 04:05:00 AM,050XX S ST LAWRENCE AVE,0110,HOMICIDE,FIRST DEGREE MURDER,STREET,false,false,0223,4,01A,1181113,1871560,2012,41.802806505,-87.611300776,"(41.802806505, -87.611300776)"
HV305046,05/28/2012 04:15:00 AM,110XX S NORMAL AVE,0110,HOMICIDE,FIRST DEGREE MURDER,GANGWAY,false,false,2233,34,01A,1174927,1831718,2012,41.693615452,-87.635173059,"(41.693615452, -87.635173059)"
HV306745,05/28/2012 05:30:00 AM,030XX S KOSTNER AVE,0110,HOMICIDE,FIRST DEGREE MURDER,ALLEY,false,false,1031,22,01A,1147544,1884038,2012,41.837755788,-87.734095166,"(41.837755788, -87.734095166)"
HV307486,05/28/2012 05:39:00 PM,015XX S SPAULDING AVE,0110,HOMICIDE,FIRST DEGREE MURDER,STREET,true,false,1022,24,01A,1154613,1892345,2012,41.860412908,-87.707933603,"(41.860412908, -87.707933603)"
HV307529,05/28/2012 06:06:00 PM,015XX S SAWYER AVE,0110,HOMICIDE,FIRST DEGREE MURDER,ABANDONED BUILDING,true,false,1022,24,01A,1154945,1892332,2012,41.860370591,-87.706715255,"(41.860370591, -87.706715255)"
HV307808,05/28/2012 10:35:00 PM,017XX E 68TH ST,0110,HOMICIDE,FIRST DEGREE MURDER,STREET,false,false,0332,5,01A,1189089,1860228,2012,41.771523074,-87.582412624,"(41.771523074, -87.582412624)"
HV308059,05/29/2012 02:15:00 AM,051XX N BROADWAY,0110,HOMICIDE,FIRST DEGREE MURDER,LIQUOR STORE,true,false,2033,48,01A,1167380,1934496,2012,41.97581294,-87.659854095,"(41.97581294, -87.659854095)"
HV311867,05/31/2012 10:30:00 AM,113XX S VINCENNES AVE,0110,HOMICIDE,FIRST DEGREE MURDER,AUTO,false,false,2212,19,01A,1166543,1829550,2012,41.687848473,-87.665930365,"(41.687848473, -87.665930365)"
HV314638,06/02/2012 01:20:00 AM,013XX W WASHBURNE AVE,0110,HOMICIDE,FIRST DEGREE MURDER,CHA PARKING LOT,false,false,1231,2,01A,1167677,1894516,2012,41.86609917,-87.659916448,"(41.86609917, -87.659916448)"
HV315454,06/02/2012 03:43:00 PM,073XX N COLES AVE,0110,HOMICIDE,FIRST DEGREE MURDER,STREET,true,false,0334,7,01A,1194880,1857062,2012,41.762694638,-87.561289359,"(41.762694638, -87.561289359)"
HV315915,06/02/2012 10:26:00 PM,011XX N KEYSTONE AVE,0110,HOMICIDE,FIRST DEGREE MURDER,STREET,false,false,1111,27,01A,1149178,1907288,2012,41.901525076,-87.727497088,"(41.901525076, -87.727497088)"
HV319005,06/04/2012 10:25:00 PM,071XX S WESTERN AVE,0110,HOMICIDE,FIRST DEGREE MURDER,AUTO,true,false,0832,18,01A,1161608,1857318,2012,41.764151886,-87.683229302,"(41.764151886, -87.683229302)"
HV320622,06/05/2012 11:31:00 PM,068XX S CALUMET AVE,0110,HOMICIDE,FIRST DEGREE MURDER,STREET,false,false,0322,20,01A,1179657,1859803,2012,41.770577612,-87.616999766,"(41.770577612, -87.616999766)"
HV321580,06/06/2012 03:40:00 PM,130XX S DREXEL AVE,0110,HOMICIDE,FIRST DEGREE MURDER,STREET,true,false,0533,9,01A,1184283,1818785,2012,41.657912296,-87.60132113,"(41.657912296, -87.60132113)"
HV324883,06/08/2012 04:43:00 PM,051XX S MAY ST,0110,HOMICIDE,FIRST DEGREE MURDER,STREET,true,false,0934,16,01A,1169523,1870742,2012,41.800821127,-87.653830052,"(41.800821127, -87.653830052)"
HV324883,06/08/2012 04:43:00 PM,051XX S MAY ST,0110,HOMICIDE,FIRST DEGREE MURDER,STREET,true,false,0934,16,01A,1169523,1870742,2012,41.800821127,-87.653830052,"(41.800821127, -87.653830052)"
HV325580,06/09/2012 01:06:00 AM,068XX S INDIANA AVE,0110,HOMICIDE,FIRST DEGREE MURDER,ALLEY,false,false,0322,20,01A,1178772,1859760,2012,41.770479797,-87.620245111,"(41.770479797, -87.620245111)"
HV326080,06/09/2012 10:23:00 AM,001XX W 111TH ST,0110,HOMICIDE,FIRST DEGREE MURDER,AUTO,false,false,0513,34,01A,1177195,1831344,2012,41.692538396,-87.626880654,"(41.692538396, -87.626880654)"
HV326811,06/10/2012 01:40:00 AM,061XX S ROCKWELL ST,0110,HOMICIDE,FIRST DEGREE MURDER,PORCH,false,false,0825,15,01A,1160094,1863807,2012,41.781989896,-87.688600214,"(41.781989896, -87.688600214)"
HV327329,06/10/2012 03:30:00 PM,075XX S DREXEL AVE,0110,HOMICIDE,FIRST DEGREE MURDER,PORCH,false,false,0624,8,01A,1183537,1855227,2012,41.757931061,-87.602919789,"(41.757931061, -87.602919789)"
HV328499,06/11/2012 12:17:00 AM,007XX W 50TH PL,0110,HOMICIDE,FIRST DEGREE MURDER,STREET,false,false,0935,3,01A,1172276,1871384,2012,41.802522678,-87.643715019,"(41.802522678, -87.643715019)"
HV328499,06/11/2012 12:25:00 AM,007XX W 50TH PL,0110,HOMICIDE,FIRST DEGREE MURDER,STREET,false,false,0935,3,01A,1172276,1871384,2012,41.802522678,-87.643715019,"(41.802522678, -87.643715019)"
HV328645,06/11/2012 02:59:00 AM,093XX S COTTAGE GROVE AVE,0110,HOMICIDE,FIRST DEGREE MURDER,AUTO,false,false,0633,9,01A,1183191,1843333,2012,41.725300675,-87.604556978,"(41.725300675, -87.604556978)"
HV329165,06/11/2012 12:07:00 PM,013XX W HASTINGS ST,0110,HOMICIDE,FIRST DEGREE MURDER,CHA APARTMENT,true,true,1231,2,01A,1167684,1893852,2012,41.864276948,-87.659909872,"(41.864276948, -87.659909872)"
HV330170,06/11/2012 10:58:00 PM,063XX S ROCKWELL ST,0110,HOMICIDE,FIRST DEGREE MURDER,ALLEY,true,false,0825,15,01A,1160127,1862586,2012,41.778638623,-87.688512796,"(41.778638623, -87.688512796)"
HV330328,06/12/2012 06:40:00 AM,039XX S FEDERAL ST,0110,HOMICIDE,FIRST DEGREE MURDER,STREET,false,false,0213,3,01A,1176341,1878750,2012,41.822645182,-87.628585455,"(41.822645182, -87.628585455)"
HV332149,06/13/2012 05:14:00 AM,055XX W HENDERSON ST,0110,HOMICIDE,FIRST DEGREE MURDER,STREET,false,false,1633,38,01A,1138925,1921726,2012,41.941337063,-87.764806379,"(41.941337063, -87.764806379)"
HV332164,06/13/2012 05:52:00 AM,073XX S MAY ST,0110,HOMICIDE,FIRST DEGREE MURDER,STREET,false,false,0733,17,01A,1169924,1856111,2012,41.760663209,-87.652784111,"(41.760663209, -87.652784111)"
HV333573,06/13/2012 10:39:00 PM,089XX S BRANDON AVE,0110,HOMICIDE,FIRST DEGREE MURDER,STREET,true,false,0424,10,01A,1198877,1846305,2012,41.7330773,-87.547000358,"(41.7330773, -87.547000358)"
HV333632,06/13/2012 10:55:00 PM,041XX S DR MARTIN LUTHER KING JR DR,0110,HOMICIDE,FIRST DEGREE MURDER,APARTMENT,true,true,0213,3,01A,1179540,1877709,2012,41.819715992,-87.616881612,"(41.819715992, -87.616881612)"
HV333679,06/13/2012 11:50:00 PM,078XX S WESTERN AVE,0110,HOMICIDE,FIRST DEGREE MURDER,GAS STATION,true,false,0835,18,01A,1161742,1852503,2012,41.750936036,-87.682871596,"(41.750936036, -87.682871596)"
HV337072,06/16/2012 02:42:00 AM,051XX S HONORE ST,0110,HOMICIDE,FIRST DEGREE MURDER,STREET,false,false,0932,16,01A,1164885,1870594,2012,41.800514351,-87.670843354,"(41.800514351, -87.670843354)"
HV338591,06/17/2012 12:38:00 AM,023XX N LARAMIE AVE,0110,HOMICIDE,FIRST DEGREE MURDER,STREET,true,true,2515,37,01A,1141332,1915229,2012,41.923464491,-87.756120351,"(41.923464491, -87.756120351)"
HV338639,06/17/2012 01:26:00 AM,013XX N LOREL AVE,0110,HOMICIDE,FIRST DEGREE MURDER,AUTO,true,false,2532,37,01A,1140393,1908462,2012,41.90491238,-87.759736921,"(41.90491238, -87.759736921)"
HV338655,06/17/2012 01:50:00 AM,000XX E 76TH ST,0110,HOMICIDE,FIRST DEGREE MURDER,AUTO,false,false,0623,6,01A,1177702,1854636,2012,41.756443249,-87.624322095,"(41.756443249, -87.624322095)"
HV338194,06/17/2012 03:47:00 AM,020XX W 70TH PL,0110,HOMICIDE,FIRST DEGREE MURDER,STREET,true,false,0735,17,01A,1164043,1857904,2012,41.765709104,-87.674287942,"(41.765709104, -87.674287942)"
HV338153,06/17/2012 03:34:00 PM,107XX S HOXIE AVE,0110,HOMICIDE,FIRST DEGREE MURDER,AUTO,true,false,0434,10,01A,1195224,1834357,2012,41.700381668,-87.560775501,"(41.700381668, -87.560775501)"
HV340004,06/18/2012 12:52:00 AM,009XX W LAWRENCE AVE,0110,HOMICIDE,FIRST DEGREE MURDER,STREET,false,false,1914,46,01A,1169106,1932065,2012,41.969104797,-87.653577917,"(41.969104797, -87.653577917)"
HV340080,06/18/2012 02:15:00 AM,002XX W 31ST ST,0110,HOMICIDE,FIRST DEGREE MURDER,STREET,true,false,0914,11,01A,1175025,1884414,2012,41.838217196,-87.63324394,"(41.838217196, -87.63324394)"
HV341781,06/19/2012 01:12:00 AM,012XX N MASON AVE,0110,HOMICIDE,FIRST DEGREE MURDER,STREET,true,false,2531,29,01A,1136470,1907600,2012,41.902618024,-87.774168158,"(41.902618024, -87.774168158)"
HV341781,06/19/2012 01:12:00 AM,012XX N MASON AVE,0110,HOMICIDE,FIRST DEGREE MURDER,STREET,true,false,2531,29,01A,1136470,1907600,2012,41.902618024,-87.774168158,"(41.902618024, -87.774168158)"
HV338591,06/20/2012 02:58:00 PM,023XX N LARAMIE AVE,0110,HOMICIDE,FIRST DEGREE MURDER,PORCH,true,true,2515,37,01A,1141332,1915229,2012,41.923464491,-87.756120351,"(41.923464491, -87.756120351)"
HV282664,06/21/2012 01:55:00 PM,054XX W CORTEZ ST,0110,HOMICIDE,FIRST DEGREE MURDER,APARTMENT,true,true,1524,37,01A,1139885,1906467,2012,41.89944717,-87.761651822,"(41.89944717, -87.761651822)"
HV348176,06/22/2012 08:39:00 PM,007XX W 70TH ST,0110,HOMICIDE,FIRST DEGREE MURDER,STREET,true,false,0732,6,01A,1172646,1858457,2012,41.767041392,-87.642738852,"(41.767041392, -87.642738852)"
HV350184,06/24/2012 01:59:00 AM,037XX W CHICAGO AVE,0110,HOMICIDE,FIRST DEGREE MURDER,STREET,true,false,1112,27,01A,1151325,1905082,2012,41.895429716,-87.719668825,"(41.895429716, -87.719668825)"
HV350149,06/24/2012 03:05:00 AM,062XX S RHODES AVE,0110,HOMICIDE,FIRST DEGREE MURDER,STREET,true,false,0313,20,01A,1180975,1863714,2012,41.781279554,-87.612048296,"(41.781279554, -87.612048296)"
HV265549,06/24/2012 10:00:00 AM,045XX S TROY ST,0110,HOMICIDE,FIRST DEGREE MURDER,AUTO,false,false,0922,14,01A,1156129,1874386,2012,41.81110081,-87.702852587,"(41.81110081, -87.702852587)"
HV351178,06/24/2012 06:34:00 PM,130XX S EBERHART AVE,0110,HOMICIDE,FIRST DEGREE MURDER,STREET,true,false,0533,9,01A,1181732,1819043,2012,41.658679358,-87.610647771,"(41.658679358, -87.610647771)"
HV354734,06/26/2012 10:26:00 PM,090XX S DOBSON AVE,0110,HOMICIDE,FIRST DEGREE MURDER,BASEMENT,true,true,0413,8,01A,1184796,1845245,2012,41.730509981,-87.5986181,"(41.730509981, -87.5986181)"
HV354699,06/26/2012 10:32:00 PM,090XX S EAST END AVE,0110,HOMICIDE,FIRST DEGREE MURDER,HOUSE,true,false,0413,8,01A,1189131,1845351,2012,41.730698218,-87.582734417,"(41.730698218, -87.582734417)"
HV356325,06/27/2012 10:43:00 PM,017XX N LUNA AVE,0110,HOMICIDE,FIRST DEGREE MURDER,STREET,true,false,2532,37,01A,1139131,1911014,2012,41.911938428,-87.76431051,"(41.911938428, -87.76431051)"
HV005095,06/30/2012 02:15:00 AM,025XX S KILDARE AVE,0110,HOMICIDE,FIRST DEGREE MURDER,AUTO,false,false,1013,22,01A,1148346,1886858,2012,41.84547885,-87.731079671,"(41.84547885, -87.731079671)"
HV005095,06/30/2012 02:15:00 AM,025XX S KILDARE AVE,0110,HOMICIDE,FIRST DEGREE MURDER,AUTO,false,false,1013,22,01A,1148346,1886858,2012,41.84547885,-87.731079671,"(41.84547885, -87.731079671)"
HV359989,06/30/2012 12:47:00 PM,049XX W WASHINGTON BLVD,0110,HOMICIDE,FIRST DEGREE MURDER,PORCH,false,false,1533,28,01A,1143479,1900050,2012,41.88177169,-87.748611543,"(41.88177169, -87.748611543)"
HV359989,06/30/2012 12:47:00 PM,049XX W WASHINGTON BLVD,0110,HOMICIDE,FIRST DEGREE MURDER,PORCH,false,false,1533,28,01A,1143479,1900050,2012,41.88177169,-87.748611543,"(41.88177169, -87.748611543)"
HV360935,07/01/2012 01:15:00 AM,031XX W VAN BUREN ST,0110,HOMICIDE,FIRST DEGREE MURDER,PARK PROPERTY,false,false,1134,28,01A,1155538,1897993,2012,41.875893078,-87.704386239,"(41.875893078, -87.704386239)"
HV361086,07/01/2012 11:15:00 AM,088XX S EXCHANGE AVE,0110,HOMICIDE,FIRST DEGREE MURDER,VACANT LOT,false,false,0423,10,01A,1197299,1846954,2012,41.734897624,-87.552759624,"(41.734897624, -87.552759624)"
HV362171,07/01/2012 08:24:00 PM,041XX W VAN BUREN ST,0110,HOMICIDE,FIRST DEGREE MURDER,VACANT LOT,true,false,1132,24,01A,1148918,1897703,2012,41.875227829,-87.72870018,"(41.875227829, -87.72870018)"
HV362300,07/01/2012 10:15:00 PM,008XX E 45TH ST,0110,HOMICIDE,FIRST DEGREE MURDER,STREET,false,false,0221,4,01A,1182603,1875354,2012,41.813183063,-87.60571854,"(41.813183063, -87.60571854)"
HV363367,07/02/2012 03:30:00 PM,042XX W VAN BUREN ST,0110,HOMICIDE,FIRST DEGREE MURDER,STREET,true,false,1132,24,01A,1148272,1897687,2012,41.875196386,-87.731072469,"(41.875196386, -87.731072469)"
HV363936,07/02/2012 09:41:00 PM,041XX W ADAMS ST,0110,HOMICIDE,FIRST DEGREE MURDER,STREET,true,false,1115,28,01A,1148729,1898687,2012,41.877931689,-87.729368696,"(41.877931689, -87.729368696)"
HV005469,07/03/2012 12:00:00 AM,078XX S ELLIS AVE,0110,HOMICIDE,FIRST DEGREE MURDER,STREET,false,false,0624,8,01A,1184253,1853166,2012,41.752258758,-87.600360112,"(41.752258758, -87.600360112)"
HV363936,07/03/2012 08:29:00 AM,041XX W ADAMS ST,0110,HOMICIDE,FIRST DEGREE MURDER,STREET,true,false,1115,28,01A,1148729,1898687,2012,41.877931689,-87.729368696,"(41.877931689, -87.729368696)"
HV366072,07/04/2012 10:29:00 AM,017XX N PULASKI RD,0110,HOMICIDE,FIRST DEGREE MURDER,STREET,false,false,2535,30,01A,1149443,1911340,2012,41.912639024,-87.726418399,"(41.912639024, -87.726418399)"
HV366923,07/04/2012 11:30:00 PM,015XX W 78TH ST,0110,HOMICIDE,FIRST DEGREE MURDER,YARD,false,false,0612,17,01A,1167341,1853004,2012,41.752192862,-87.662339743,"(41.752192862, -87.662339743)"
HV366915,07/04/2012 11:43:00 PM,001XX E 68TH ST,0110,HOMICIDE,FIRST DEGREE MURDER,PORCH,false,false,0322,20,01A,1178447,1859962,2012,41.771041494,-87.621430294,"(41.771041494, -87.621430294)"
HV367139,07/05/2012 02:34:00 AM,017XX W 45TH ST,0110,HOMICIDE,FIRST DEGREE MURDER,AUTO,false,false,0924,12,01A,1165345,1874858,2012,41.812205522,-87.66903552,"(41.812205522, -87.66903552)"
HV367227,07/05/2012 03:39:00 AM,048XX W ST PAUL AVE,0110,HOMICIDE,FIRST DEGREE MURDER,STREET,true,false,2533,37,01A,1143783,1911198,2012,41.912357382,-87.747215593,"(41.912357382, -87.747215593)"
HV368117,07/05/2012 04:07:00 PM,013XX W 48TH ST,0110,HOMICIDE,FIRST DEGREE MURDER,STREET,false,false,0933,3,01A,1168051,1872930,2012,41.80685705,-87.659165427,"(41.80685705, -87.659165427)"
HV368231,07/05/2012 05:05:00 PM,048XX S ARCHER AVE,0110,HOMICIDE,FIRST DEGREE MURDER,AUTO,false,false,0821,14,01A,1151795,1872186,2012,41.805149849,-87.718807226,"(41.805149849, -87.718807226)"
HV368909,07/06/2012 02:03:00 AM,106XX S LANGLEY AVE,0110,HOMICIDE,FIRST DEGREE MURDER,STREET,false,false,0512,9,01A,1182795,1834645,2012,41.701468915,-87.606276251,"(41.701468915, -87.606276251)"
HV375273,07/10/2012 03:14:00 AM,006XX N ASHLAND AVE,0110,HOMICIDE,FIRST DEGREE MURDER,GAS STATION DRIVE/PROP.,false,false,1324,27,01A,1165609,1904556,2012,41.893693999,-87.667222147,"(41.893693999, -87.667222147)"
HV376109,07/10/2012 04:25:00 PM,000XX E GARFIELD BLVD,0110,HOMICIDE,FIRST DEGREE MURDER,GAS STATION DRIVE/PROP.,true,false,0225,3,01A,1177792,1868568,2012,41.794672085,-87.623570871,"(41.794672085, -87.623570871)"
HV376930,07/11/2012 01:49:00 AM,061XX N SHERIDAN RD,0110,HOMICIDE,FIRST DEGREE MURDER,APARTMENT,true,true,2433,48,01A,1168514,1940972,2012,41.993558695,-87.655495503,"(41.993558695, -87.655495503)"
HV376915,07/11/2012 02:21:00 AM,014XX N SEDGWICK ST,0110,HOMICIDE,FIRST DEGREE MURDER,APARTMENT,true,true,1821,27,01A,1173383,1909988,2012,41.908430535,-87.638509526,"(41.908430535, -87.638509526)"
HV375429,07/11/2012 03:30:00 PM,063XX N ARTESIAN AVE,0110,HOMICIDE,FIRST DEGREE MURDER,ALLEY,true,false,2413,50,01A,1158837,1941941,2012,41.996422338,-87.691064585,"(41.996422338, -87.691064585)"
HV379267,07/12/2012 02:08:00 PM,058XX S FAIRFIELD AVE,0110,HOMICIDE,FIRST DEGREE MURDER,STREET,false,false,0824,16,01A,1159038,1865900,2012,41.787755043,-87.692414612,"(41.787755043, -87.692414612)"
HV381916,07/14/2012 05:00:00 AM,018XX S SANGAMON ST,0110,HOMICIDE,FIRST DEGREE MURDER,STREET,true,false,1233,25,01A,1170426,1891238,2012,41.857044461,-87.649920503,"(41.857044461, -87.649920503)"
HV381917,07/14/2012 08:31:00 AM,011XX S WHIPPLE ST,0110,HOMICIDE,FIRST DEGREE MURDER,STREET,false,false,1134,28,01A,1156199,1894990,2012,41.86763922,-87.702040367,"(41.86763922, -87.702040367)"
HV383120,07/14/2012 08:35:00 PM,012XX W 79TH ST,0110,HOMICIDE,FIRST DEGREE MURDER,STREET,true,false,0612,21,01A,1169165,1852390,2012,41.750468733,-87.655673301,"(41.750468733, -87.655673301)"
HV384734,07/16/2012 12:28:00 AM,078XX S CONSTANCE AVE,0110,HOMICIDE,FIRST DEGREE MURDER,STREET,false,false,0414,8,01A,1189897,1853356,2012,41.752646328,-87.57967152,"(41.752646328, -87.57967152)"
HV385084,07/16/2012 05:15:00 AM,005XX W 72ND ST,0110,HOMICIDE,FIRST DEGREE MURDER,PARK PROPERTY,false,false,0732,17,01A,1174052,1857172,2012,41.763484107,-87.637623404,"(41.763484107, -87.637623404)"
HV387343,07/17/2012 03:04:00 PM,078XX S COLFAX AVE,0110,HOMICIDE,FIRST DEGREE MURDER,STREET,true,false,0421,7,01A,1194882,1853397,2012,41.752637555,-87.561402561,"(41.752637555, -87.561402561)"
HV390557,07/19/2012 03:43:00 PM,059XX S LAFLIN ST,0110,HOMICIDE,FIRST DEGREE MURDER,STREET,true,false,0713,16,01A,1167352,1865301,2012,41.785937198,-87.66194767,"(41.785937198, -87.66194767)"
HV391084,07/19/2012 09:30:00 PM,017XX W 75TH PL,0110,HOMICIDE,FIRST DEGREE MURDER,ALLEY,false,false,0611,17,01A,1166235,1854775,2012,41.757076332,-87.666342442,"(41.757076332, -87.666342442)"
HV392885,07/21/2012 12:51:00 AM,059XX W LAKE ST,0110,HOMICIDE,FIRST DEGREE MURDER,STREET,true,false,1512,29,01A,1136704,1902266,2012,41.887976661,-87.77343648,"(41.887976661, -87.77343648)"
HV392970,07/21/2012 01:46:00 AM,042XX N MILWAUKEE AVE,0110,HOMICIDE,FIRST DEGREE MURDER,STREET,true,false,1624,45,01A,1142452,1927609,2012,41.957415629,-87.75169636,"(41.957415629, -87.75169636)"
HV393153,07/21/2012 06:00:00 AM,045XX S WOOD ST,0110,HOMICIDE,FIRST DEGREE MURDER,STREET,true,false,0924,20,01A,1165110,1874572,2012,41.811425687,-87.669905596,"(41.811425687, -87.669905596)"
HV396369,07/23/2012 11:27:00 AM,044XX W JACKSON BLVD,0110,HOMICIDE,FIRST DEGREE MURDER,AUTO,false,false,1131,24,01A,1146861,1898318,2012,41.876954977,-87.736237031,"(41.876954977, -87.736237031)"
HV397322,07/23/2012 10:18:00 PM,021XX E 96TH ST,0110,HOMICIDE,FIRST DEGREE MURDER,PARK PROPERTY,true,false,0431,7,01A,1191965,1841725,2012,41.720679834,-87.572470102,"(41.720679834, -87.572470102)"
HV392859,07/24/2012 07:44:00 AM,057XX S SANGAMON ST,0110,HOMICIDE,FIRST DEGREE MURDER,PORCH,true,false,0712,16,01A,1170954,1866855,2012,41.790123609,-87.648695636,"(41.790123609, -87.648695636)"
HV397322,07/24/2012 07:35:00 PM,021XX E 96TH ST,0110,HOMICIDE,FIRST DEGREE MURDER,PARK PROPERTY,true,false,0431,7,01A,1191965,1841725,2012,41.720679834,-87.572470102,"(41.720679834, -87.572470102)"
HV399283,07/25/2012 08:58:00 AM,018XX W WALNUT ST,0110,HOMICIDE,FIRST DEGREE MURDER,ALLEY,false,false,1333,27,01A,1164162,1901758,2012,41.886046771,-87.672615599,"(41.886046771, -87.672615599)"
HV400815,07/26/2012 06:45:00 AM,059XX N SHERIDAN RD,0110,HOMICIDE,FIRST DEGREE MURDER,PARK PROPERTY,false,false,2433,48,01A,1168549,1939863,2012,41.990514817,-87.655399054,"(41.990514817, -87.655399054)"
HV401453,07/26/2012 03:51:00 PM,071XX S RHODES AVE,0110,HOMICIDE,FIRST DEGREE MURDER,STREET,false,false,0323,6,01A,1181142,1857810,2012,41.765074549,-87.611617688,"(41.765074549, -87.611617688)"
HV401683,07/26/2012 05:10:00 PM,116XX S VINCENNES AVE,0110,HOMICIDE,FIRST DEGREE MURDER,STREET,true,false,2234,34,01A,1165751,1827652,2012,41.682656831,-87.668883403,"(41.682656831, -87.668883403)"
HV392987,07/26/2012 06:57:00 PM,029XX E 85TH ST,0110,HOMICIDE,FIRST DEGREE MURDER,STREET,true,false,0423,10,01A,1197422,1849183,2012,41.741011113,-87.552234899,"(41.741011113, -87.552234899)"
HV402064,07/26/2012 11:17:00 PM,026XX E 100TH ST,0110,HOMICIDE,FIRST DEGREE MURDER,AUTO,false,false,0431,10,01A,1195553,1839091,2012,41.713364123,-87.55941507,"(41.713364123, -87.55941507)"
HV402064,07/26/2012 11:17:00 PM,026XX E 100TH ST,0110,HOMICIDE,FIRST DEGREE MURDER,AUTO,false,false,0431,10,01A,1195553,1839091,2012,41.713364123,-87.55941507,"(41.713364123, -87.55941507)"
HV402288,07/27/2012 03:55:00 AM,000XX N HOMAN BLVD,0110,HOMICIDE,FIRST DEGREE MURDER,GAS STATION,false,false,1123,28,01A,1153708,1900256,2012,41.882139587,-87.71104513,"(41.882139587, -87.71104513)"
HV404942,07/28/2012 08:25:00 PM,109XX S EBERHART AVE,0110,HOMICIDE,FIRST DEGREE MURDER,HOUSE,true,false,0513,9,01A,1181516,1832562,2012,41.695782417,-87.611023461,"(41.695782417, -87.611023461)"
HV400434,07/29/2012 01:55:00 PM,014XX E 73RD ST,0110,HOMICIDE,FIRST DEGREE MURDER,APARTMENT,true,false,0324,5,01A,1187267,1856883,2012,41.762387559,-87.589197442,"(41.762387559, -87.589197442)"
HV408051,07/30/2012 09:41:00 PM,003XX N LATROBE AVE,0110,HOMICIDE,FIRST DEGREE MURDER,STREET,true,false,1523,28,01A,1141316,1901741,2012,41.88645217,-87.756512398,"(41.88645217, -87.756512398)"
HV409766,07/31/2012 11:58:00 PM,012XX S KOLIN AVE,0110,HOMICIDE,FIRST DEGREE MURDER,PORCH,false,false,1011,24,01A,1147580,1894020,2012,41.865146994,-87.733707291,"(41.865146994, -87.733707291)"
HV409869,08/01/2012 01:10:00 AM,050XX W THOMAS ST,0110,HOMICIDE,FIRST DEGREE MURDER,STREET,false,false,1531,37,01A,1142373,1906849,2012,41.900449563,-87.752503802,"(41.900449563, -87.752503802)"
HV411096,08/01/2012 07:55:00 PM,007XX S INDEPENDENCE BLVD,0110,HOMICIDE,FIRST DEGREE MURDER,STREET,true,false,1133,24,01A,1151373,1896559,2012,41.872040755,-87.719716357,"(41.872040755, -87.719716357)"
HV412015,08/02/2012 12:50:00 PM,006XX N AVERS AVE,0110,HOMICIDE,FIRST DEGREE MURDER,STREET,false,false,1122,27,01A,1150610,1903972,2012,41.892397765,-87.722323899,"(41.892397765, -87.722323899)"
HV412015,08/02/2012 12:50:00 PM,006XX N AVERS AVE,0110,HOMICIDE,FIRST DEGREE MURDER,STREET,false,false,1122,27,01A,1150610,1903972,2012,41.892397765,-87.722323899,"(41.892397765, -87.722323899)"
HV412792,08/02/2012 09:32:00 PM,009XX N LAWLER AVE,0110,HOMICIDE,FIRST DEGREE MURDER,GARAGE,false,false,1531,37,01A,1142518,1905838,2012,41.897672568,-87.751996366,"(41.897672568, -87.751996366)"
HV412880,08/02/2012 11:20:00 PM,112XX S LANGLEY AVE,0110,HOMICIDE,FIRST DEGREE MURDER,STREET,false,false,0531,9,01A,1182922,1830467,2012,41.690000986,-87.605940419,"(41.690000986, -87.605940419)"
HV413138,08/03/2012 04:41:00 AM,021XX N ST LOUIS AVE,0110,HOMICIDE,FIRST DEGREE MURDER,AUTO,true,false,1413,26,01A,1152910,1914188,2012,41.920386159,-87.713605835,"(41.920386159, -87.713605835)"
HV414779,08/04/2012 03:45:00 AM,006XX N LA SALLE DR,0110,HOMICIDE,FIRST DEGREE MURDER,GAS STATION DRIVE/PROP.,false,false,1832,42,01A,1175022,1904561,2012,41.893501985,-87.632651542,"(41.893501985, -87.632651542)"
HV416169,08/05/2012 09:04:00 AM,049XX N WHIPPLE ST,0110,HOMICIDE,FIRST DEGREE MURDER,ALLEY,false,false,1713,33,01A,1155150,1932614,2012,41.970903661,-87.70487923,"(41.970903661, -87.70487923)"
HV417108,08/05/2012 07:01:00 PM,055XX S WABASH AVE,0110,HOMICIDE,FIRST DEGREE MURDER,STREET,true,false,0225,20,01A,1177658,1868311,2012,41.793969887,-87.624070018,"(41.793969887, -87.624070018)"
HV417354,08/05/2012 10:24:00 PM,073XX S OGLESBY AVE,0110,HOMICIDE,FIRST DEGREE MURDER,AUTO,false,false,0334,7,01A,1193149,1856674,2012,41.761672394,-87.567646282,"(41.761672394, -87.567646282)"
HV417505,08/06/2012 02:24:00 AM,104XX S VINCENNES AVE,0110,HOMICIDE,FIRST DEGREE MURDER,AUTO,false,false,2212,21,01A,1168946,1835550,2012,41.704262023,-87.656960706,"(41.704262023, -87.656960706)"
HV418924,08/06/2012 10:30:00 PM,011XX S LAFLIN ST,0110,HOMICIDE,FIRST DEGREE MURDER,PARKING LOT,false,false,1231,2,01A,1166546,1895280,2012,41.868219921,-87.664046556,"(41.868219921, -87.664046556)"
HV420772,08/08/2012 04:01:00 AM,000XX E 56TH ST,0110,HOMICIDE,FIRST DEGREE MURDER,STREET,false,false,0225,20,01A,1177824,1867917,2012,41.792884953,-87.62347324,"(41.792884953, -87.62347324)"
HV422101,08/09/2012 12:32:00 AM,063XX S DR MARTIN LUTHER KING JR DR,0110,HOMICIDE,FIRST DEGREE MURDER,STREET,true,false,0312,20,01A,1180012,1862976,2012,41.779276522,-87.615601416,"(41.779276522, -87.615601416)"
HV422164,08/09/2012 12:59:00 AM,068XX S PRAIRIE AVE,0110,HOMICIDE,FIRST DEGREE MURDER,STREET,true,false,0322,20,01A,1179222,1859681,2012,41.770252762,-87.618598009,"(41.770252762, -87.618598009)"
HV422248,08/09/2012 04:42:00 AM,057XX S HERMITAGE AVE,0110,HOMICIDE,FIRST DEGREE MURDER,STREET,false,false,0715,15,01A,1165660,1866600,2012,41.789537904,-87.668114522,"(41.789537904, -87.668114522)"
HV422304,08/09/2012 06:50:00 AM,078XX S LOWE AVE,0110,HOMICIDE,FIRST DEGREE MURDER,STREET,false,false,0621,17,01A,1173324,1852979,2012,41.751994124,-87.640415448,"(41.751994124, -87.640415448)"
HV423548,08/09/2012 10:17:00 PM,083XX S KOSTNER AVE,0110,HOMICIDE,FIRST DEGREE MURDER,STREET,true,false,0834,18,01A,1148536,1848885,2012,41.741271378,-87.731358205,"(41.741271378, -87.731358205)"
HV428209,08/13/2012 10:00:00 AM,001XX E DELAWARE PL,0110,HOMICIDE,FIRST DEGREE MURDER,HOTEL,true,false,1833,42,01A,1176911,1906649,2012,41.899189017,-87.625650736,"(41.899189017, -87.625650736)"
HV429244,08/13/2012 10:32:00 PM,057XX S ELIZABETH ST,0110,HOMICIDE,FIRST DEGREE MURDER,STREET,false,false,0713,16,01A,1168969,1866719,2012,41.789793556,-87.655978004,"(41.789793556, -87.655978004)"
HV427612,08/13/2012 11:15:00 PM,088XX S EXCHANGE AVE,0110,HOMICIDE,FIRST DEGREE MURDER,AUTO,false,false,0423,10,01A,1197297,1847022,2012,41.735084271,-87.552764692,"(41.735084271, -87.552764692)"
HV429742,08/14/2012 10:42:00 AM,116XX S YALE AVE,0110,HOMICIDE,FIRST DEGREE MURDER,STREET,false,false,0522,34,01A,1176694,1827833,2012,41.682914946,-87.628820016,"(41.682914946, -87.628820016)"
HV430896,08/15/2012 12:05:00 AM,075XX S KINGSTON AVE,0110,HOMICIDE,FIRST DEGREE MURDER,STREET,false,false,0421,7,01A,1194503,1855492,2012,41.758395718,-87.562722643,"(41.758395718, -87.562722643)"
HV430789,08/15/2012 04:46:00 AM,048XX W JACKSON BLVD,0110,HOMICIDE,FIRST DEGREE MURDER,ABANDONED BUILDING,false,false,1533,24,01A,1144160,1898233,2012,41.876772861,-87.746156543,"(41.876772861, -87.746156543)"
HV432027,08/15/2012 06:48:00 PM,069XX S OGLESBY AVE,0110,HOMICIDE,FIRST DEGREE MURDER,VESTIBULE,false,false,0331,5,01A,1192968,1859371,2012,41.769077585,-87.568221728,"(41.769077585, -87.568221728)"
HV432302,08/15/2012 11:11:00 PM,062XX S LAFLIN ST,0110,HOMICIDE,FIRST DEGREE MURDER,STREET,false,false,0713,16,01A,1167403,1863368,2012,41.780631714,-87.661816029,"(41.780631714, -87.661816029)"
HV432703,08/16/2012 08:56:00 AM,029XX W SHERWIN AVE,0110,HOMICIDE,FIRST DEGREE MURDER,HOUSE,true,true,2411,50,01A,1155475,1948581,2012,42.014711289,-87.703252182,"(42.014711289, -87.703252182)"
HV434932,08/17/2012 07:03:00 PM,005XX S KILPATRICK AVE,0110,HOMICIDE,FIRST DEGREE MURDER,AUTO,false,false,1131,24,01A,1145142,1897094,2012,41.873628814,-87.742579686,"(41.873628814, -87.742579686)"
HV435376,08/18/2012 12:38:00 AM,115XX S WENTWORTH AVE,0110,HOMICIDE,FIRST DEGREE MURDER,ALLEY,false,false,0522,34,01A,1177003,1828463,2012,41.684636822,-87.627669999,"(41.684636822, -87.627669999)"
HV435847,08/18/2012 10:36:00 AM,007XX E 92ND ST,0110,HOMICIDE,FIRST DEGREE MURDER,STREET,true,false,0633,9,01A,1182770,1844133,2012,41.72750574,-87.606074341,"(41.72750574, -87.606074341)"
HV435850,08/18/2012 10:37:00 AM,002XX S ROCKWELL ST,0110,HOMICIDE,FIRST DEGREE MURDER,STREET,true,false,1125,2,01A,1159149,1898797,2012,41.878025954,-87.691105827,"(41.878025954, -87.691105827)"
HV435985,08/18/2012 11:53:00 AM,074XX S PEORIA ST,0110,HOMICIDE,FIRST DEGREE MURDER,AUTO,false,false,0733,17,01A,1171593,1855527,2012,41.759024243,-87.646684247,"(41.759024243, -87.646684247)"
HV435647,08/18/2012 03:29:00 PM,024XX W 35TH ST,0110,HOMICIDE,FIRST DEGREE MURDER,AUTO,true,false,0911,12,01A,1160485,1881397,2012,41.830251024,-87.686681487,"(41.830251024, -87.686681487)"
HV436957,08/19/2012 09:52:00 AM,030XX S PULASKI RD,0110,HOMICIDE,FIRST DEGREE MURDER,AUTO,true,false,1031,22,01A,1150192,1884102,2012,41.837880307,-87.72437669,"(41.837880307, -87.72437669)"
HV440491,08/21/2012 04:05:00 PM,046XX S WOLCOTT AVE,0110,HOMICIDE,FIRST DEGREE MURDER,STREET,true,false,0924,20,01A,1164468,1873814,2012,41.809359223,-87.672281805,"(41.809359223, -87.672281805)"
HV440764,08/21/2012 06:53:00 PM,029XX W 59TH ST,0110,HOMICIDE,FIRST DEGREE MURDER,STREET,false,false,0824,16,01A,1157959,1865384,2012,41.78636107,-87.696384906,"(41.78636107, -87.696384906)"
HV440764,08/21/2012 11:51:00 PM,029XX W 59TH ST,0110,HOMICIDE,FIRST DEGREE MURDER,STREET,false,false,0824,16,01A,1157959,1865384,2012,41.78636107,-87.696384906,"(41.78636107, -87.696384906)"
HV442087,08/22/2012 06:05:00 PM,028XX W WILCOX ST,0110,HOMICIDE,FIRST DEGREE MURDER,STREET,true,false,1124,2,01A,1157573,1899231,2012,41.879249107,-87.696880721,"(41.879249107, -87.696880721)"
HV442412,08/22/2012 08:56:00 PM,007XX E 50TH ST,0110,HOMICIDE,FIRST DEGREE MURDER,YARD,false,false,0223,4,01A,1182038,1872023,2012,41.804055642,-87.607894092,"(41.804055642, -87.607894092)"
HV445179,08/24/2012 05:40:00 PM,030XX S WALLACE ST,0110,HOMICIDE,FIRST DEGREE MURDER,STREET,false,false,0914,11,01A,1172791,1884664,2012,41.838952891,-87.641434108,"(41.838952891, -87.641434108)"
HV445189,08/24/2012 05:42:00 PM,079XX S DREXEL AVE,0110,HOMICIDE,FIRST DEGREE MURDER,STREET,true,false,0624,8,01A,1183607,1852643,2012,41.750838669,-87.602743669,"(41.750838669, -87.602743669)"
HV445389,08/24/2012 09:48:00 PM,088XX S INDIANA AVE,0110,HOMICIDE,FIRST DEGREE MURDER,SCHOOL YARD,false,false,0632,6,01A,1179136,1846522,2012,41.734144934,-87.619313551,"(41.734144934, -87.619313551)"
HV445785,08/25/2012 03:10:00 AM,049XX S DREXEL BLVD,0110,HOMICIDE,FIRST DEGREE MURDER,STREET,true,false,0223,4,01A,1183021,1872381,2012,41.805015199,-87.604277826,"(41.805015199, -87.604277826)"
HV446329,08/25/2012 12:44:00 PM,006XX E 79TH ST,0110,HOMICIDE,FIRST DEGREE MURDER,STREET,false,false,0624,6,01A,1181686,1852760,2012,41.751204276,-87.609779467,"(41.751204276, -87.609779467)"
HV446329,08/25/2012 02:43:00 PM,006XX E 79TH ST,0110,HOMICIDE,FIRST DEGREE MURDER,STREET,false,false,0624,6,01A,1181686,1852760,2012,41.751204276,-87.609779467,"(41.751204276, -87.609779467)"
HV445439,08/25/2012 11:25:00 PM,078XX S CHAMPLAIN AVE,0110,HOMICIDE,FIRST DEGREE MURDER,STREET,false,false,0624,6,01A,1181920,1853246,2012,41.752532509,-87.608906986,"(41.752532509, -87.608906986)"
HV447320,08/26/2012 02:58:00 AM,090XX S EAST END AVE,0110,HOMICIDE,FIRST DEGREE MURDER,AUTO,false,false,0413,8,01A,1189132,1845276,2012,41.730492386,-87.58273315,"(41.730492386, -87.58273315)"
HV447981,08/26/2012 03:29:00 PM,006XX E 67TH ST,0110,HOMICIDE,FIRST DEGREE MURDER,STREET,false,false,0321,20,01A,1181530,1860725,2012,41.773064658,-87.610105725,"(41.773064658, -87.610105725)"
HV450944,08/28/2012 03:25:00 PM,064XX N SACRAMENTO AVE,0110,HOMICIDE,FIRST DEGREE MURDER,APARTMENT,true,false,2412,50,01A,1155165,1942592,2012,41.998283492,-87.704554719,"(41.998283492, -87.704554719)"
HV450944,08/28/2012 03:25:00 PM,064XX N SACRAMENTO AVE,0110,HOMICIDE,FIRST DEGREE MURDER,APARTMENT,true,false,2412,50,01A,1155165,1942592,2012,41.998283492,-87.704554719,"(41.998283492, -87.704554719)"
HV451429,08/28/2012 09:41:00 PM,078XX S MARSHFIELD AVE,0110,HOMICIDE,FIRST DEGREE MURDER,STREET,true,false,0611,17,01A,1166706,1852733,2012,41.751462766,-87.664674462,"(41.751462766, -87.664674462)"
HV452172,08/29/2012 01:00:00 PM,080XX S BISHOP ST,0110,HOMICIDE,FIRST DEGREE MURDER,STREET,false,false,0612,21,01A,1168062,1851516,2012,41.748094124,-87.65974028,"(41.748094124, -87.65974028)"
HV454467,08/30/2012 11:15:00 PM,070XX S ARTESIAN AVE,0110,HOMICIDE,FIRST DEGREE MURDER,HOUSE,true,true,0832,15,01A,1161258,1857923,2012,41.765819345,-87.684495418,"(41.765819345, -87.684495418)"
HV455453,08/31/2012 05:11:00 PM,048XX S ASHLAND AVE,0110,HOMICIDE,FIRST DEGREE MURDER,STREET,true,false,0933,20,01A,1166490,1872603,2012,41.805993183,-87.664900005,"(41.805993183, -87.664900005)"
HV457645,09/02/2012 04:00:00 AM,092XX S CHAPPEL AVE,0110,HOMICIDE,FIRST DEGREE MURDER,AUTO,false,false,0413,8,01A,1191456,1844097,2012,41.727201167,-87.57425781,"(41.727201167, -87.57425781)"
HV457732,09/02/2012 05:11:00 AM,010XX W MONTROSE AVE,0110,HOMICIDE,FIRST DEGREE MURDER,APARTMENT,true,false,1913,46,01A,1168515,1929384,2012,41.961760892,-87.655828955,"(41.961760892, -87.655828955)"
HV458091,09/02/2012 12:45:00 PM,075XX N SEELEY AVE,0110,HOMICIDE,FIRST DEGREE MURDER,APARTMENT,true,false,2424,49,01A,1161338,1950012,2012,42.018517536,-87.681638499,"(42.018517536, -87.681638499)"
HV460144,09/04/2012 02:27:00 AM,053XX S HAMLIN AVE,0110,HOMICIDE,FIRST DEGREE MURDER,STREET,false,false,0822,23,01A,1151946,1868931,2012,41.796214692,-87.718338829,"(41.796214692, -87.718338829)"
HV460852,09/04/2012 03:30:00 PM,054XX S WABASH AVE,0110,HOMICIDE,FIRST DEGREE MURDER,STREET,false,false,0225,3,01A,1177642,1868916,2012,41.795630427,-87.624110386,"(41.795630427, -87.624110386)"
HV461315,09/04/2012 09:03:00 PM,069XX S PRINCETON AVE,0110,HOMICIDE,FIRST DEGREE MURDER,STREET,false,false,0731,6,01A,1175497,1858755,2012,41.767795848,-87.632279919,"(41.767795848, -87.632279919)"
HV461642,09/05/2012 12:15:00 AM,081XX S INGLESIDE AVE,0110,HOMICIDE,FIRST DEGREE MURDER,PORCH,false,false,0631,8,01A,1183978,1851276,2012,41.747078826,-87.601426771,"(41.747078826, -87.601426771)"
HV462087,09/05/2012 10:39:00 AM,028XX N NAGLE AVE,0110,HOMICIDE,FIRST DEGREE MURDER,APARTMENT,true,false,2511,36,01A,1132930,1918091,2012,41.931469202,-87.786925903,"(41.931469202, -87.786925903)"
HV464596,09/06/2012 11:20:00 PM,020XX N LAMON AVE,0110,HOMICIDE,FIRST DEGREE MURDER,STREET,false,false,2522,31,01A,1143370,1913051,2012,41.917449945,-87.748686457,"(41.917449945, -87.748686457)"
HV466421,09/08/2012 05:52:00 AM,116XX S WALLACE ST,0110,HOMICIDE,FIRST DEGREE MURDER,AUTO,false,false,0524,34,01A,1174389,1827931,2012,41.683235288,-87.63725483,"(41.683235288, -87.63725483)"
HV465972,09/08/2012 09:57:00 AM,029XX W 56TH ST,0110,HOMICIDE,FIRST DEGREE MURDER,STREET,false,false,0824,14,01A,1157516,1867362,2012,41.791797974,-87.697955586,"(41.791797974, -87.697955586)"
HV473041,09/12/2012 06:28:00 PM,056XX S MICHIGAN AVE,0110,HOMICIDE,FIRST DEGREE MURDER,STREET,false,false,0225,20,01A,1178116,1867759,2012,41.792444765,-87.62240731,"(41.792444765, -87.62240731)"
HV473509,09/13/2012 01:15:00 AM,025XX W THOMAS ST,0110,HOMICIDE,FIRST DEGREE MURDER,AUTO,false,false,1312,26,01A,1159343,1907232,2012,41.901168351,-87.690161357,"(41.901168351, -87.690161357)"
HV473716,09/13/2012 07:21:00 PM,050XX S PRAIRIE AVE,0110,HOMICIDE,FIRST DEGREE MURDER,APARTMENT,true,true,0224,3,01A,1178895,1871636,2012,41.803065896,-87.619432786,"(41.803065896, -87.619432786)"
HV476066,09/14/2012 08:42:00 PM,122XX S ADA ST,0110,HOMICIDE,FIRST DEGREE MURDER,GARAGE,false,false,0524,34,01A,1169546,1823670,2012,41.671648388,-87.655106101,"(41.671648388, -87.655106101)"
HV476363,09/15/2012 01:13:00 AM,009XX N DRAKE AVE,0110,HOMICIDE,FIRST DEGREE MURDER,STREET,true,false,1121,27,01A,1152541,1906032,2012,41.898012655,-87.715177582,"(41.898012655, -87.715177582)"
HV476441,09/15/2012 02:45:00 AM,048XX W GEORGE ST,0110,HOMICIDE,FIRST DEGREE MURDER,STREET,false,false,2521,31,01A,1143665,1918846,2012,41.933346483,-87.747457135,"(41.933346483, -87.747457135)"
HV477240,09/15/2012 03:00:00 PM,048XX S AVERS AVE,0110,HOMICIDE,FIRST DEGREE MURDER,HOUSE,false,false,0821,14,01A,1151520,1872381,2012,41.805690349,-87.719810718,"(41.805690349, -87.719810718)"
HV477865,09/16/2012 08:07:00 AM,013XX N LATROBE AVE,0110,HOMICIDE,FIRST DEGREE MURDER,YARD,false,false,2532,37,01A,1141131,1908376,2012,41.904662812,-87.757028108,"(41.904662812, -87.757028108)"
HV479052,09/17/2012 01:05:00 AM,045XX S LAVERGNE AVE,0110,HOMICIDE,FIRST DEGREE MURDER,AUTO,true,false,0814,23,01A,1143786,1874158,2012,41.810714711,-87.748132093,"(41.810714711, -87.748132093)"
HV479792,09/17/2012 03:34:00 PM,059XX S NORMAL BLVD,0110,HOMICIDE,FIRST DEGREE MURDER,STREET,false,false,0711,20,01A,1173979,1865513,2012,41.786374378,-87.637643655,"(41.786374378, -87.637643655)"
HV480397,09/18/2012 06:06:00 AM,056XX N WINTHROP AVE,0110,HOMICIDE,FIRST DEGREE MURDER,STREET,false,false,2022,48,01A,1167849,1937633,2012,41.984410822,-87.658038469,"(41.984410822, -87.658038469)"
HV483067,09/19/2012 07:25:00 PM,068XX S CALUMET AVE,0110,HOMICIDE,FIRST DEGREE MURDER,ALLEY,false,false,0322,20,01A,1179658,1859756,2012,41.770448616,-87.616997535,"(41.770448616, -87.616997535)"
HV484609,09/20/2012 11:13:00 PM,002XX W 106TH ST,0110,HOMICIDE,FIRST DEGREE MURDER,STREET,false,false,0512,34,01A,1176557,1834650,2012,41.701624878,-87.629117507,"(41.701624878, -87.629117507)"
HV484836,09/21/2012 12:17:00 AM,032XX W LE MOYNE ST,0110,HOMICIDE,FIRST DEGREE MURDER,GANGWAY,true,false,1422,26,01A,1154380,1909783,2012,41.908269183,-87.708322693,"(41.908269183, -87.708322693)"
HV486460,09/22/2012 02:05:00 AM,000XX W 122ND ST,0110,HOMICIDE,FIRST DEGREE MURDER,STREET,false,false,0523,9,01A,1178033,1824062,2012,41.672536597,-87.624032104,"(41.672536597, -87.624032104)"
HV252460,09/22/2012 09:00:00 AM,019XX S HOMAN AVE,0110,HOMICIDE,FIRST DEGREE MURDER,APARTMENT,true,true,1024,24,01A,1154007,1890267,2012,41.85472273,-87.710213449,"(41.85472273, -87.710213449)"
HV487207,09/22/2012 05:14:00 PM,016XX E 91ST ST,0110,HOMICIDE,FIRST DEGREE MURDER,AUTO,false,false,0413,8,01A,1188962,1844970,2012,41.729656757,-87.583365673,"(41.729656757, -87.583365673)"
HV487383,09/22/2012 08:02:00 PM,009XX W 87TH ST,0110,HOMICIDE,FIRST DEGREE MURDER,AUTO,false,false,0613,21,01A,1171644,1847147,2012,41.736027301,-87.646742401,"(41.736027301, -87.646742401)"
HV489055,09/24/2012 07:24:00 AM,019XX S STATE ST,0110,HOMICIDE,FIRST DEGREE MURDER,APARTMENT,true,false,0131,3,01A,1176627,1890987,2012,41.856218005,-87.627167159,"(41.856218005, -87.627167159)"
HV489350,09/24/2012 11:00:00 AM,065XX S CALIFORNIA AVE,0110,HOMICIDE,FIRST DEGREE MURDER,ALLEY,false,false,0831,15,01A,1158839,1861087,2012,41.774551557,-87.693275626,"(41.774551557, -87.693275626)"
HV490281,09/24/2012 09:55:00 PM,088XX S COTTAGE GROVE AVE,0110,HOMICIDE,FIRST DEGREE MURDER,ALLEY,false,false,0632,8,01A,1183113,1846363,2012,41.733617158,-87.604748745,"(41.733617158, -87.604748745)"
HV490538,09/25/2012 02:37:00 AM,004XX W 120TH ST,0110,HOMICIDE,FIRST DEGREE MURDER,AUTO,false,false,0522,34,01A,1175351,1825332,2012,41.676081841,-87.633810547,"(41.676081841, -87.633810547)"
HV490538,09/25/2012 03:24:00 AM,004XX W 120TH ST,0110,HOMICIDE,FIRST DEGREE MURDER,STREET,false,false,0522,34,01A,1175351,1825332,2012,41.676081841,-87.633810547,"(41.676081841, -87.633810547)"
HV490328,09/25/2012 05:40:00 AM,118XX S LAFAYETTE AVE,0110,HOMICIDE,FIRST DEGREE MURDER,STREET,false,false,0522,34,01A,1178043,1826420,2012,41.679007084,-87.623924449,"(41.679007084, -87.623924449)"
HV490775,09/25/2012 10:45:00 AM,061XX S WOODLAWN AVE,0110,HOMICIDE,FIRST DEGREE MURDER,STREET,false,false,0314,20,01A,1185273,1864474,2012,41.783265047,-87.596267196,"(41.783265047, -87.596267196)"
HV491603,09/25/2012 08:50:00 PM,087XX S MARQUETTE AVE,0110,HOMICIDE,FIRST DEGREE MURDER,ALLEY,true,false,0423,7,01A,1195769,1847641,2012,41.736820751,-87.558342113,"(41.736820751, -87.558342113)"
HV492016,09/26/2012 03:00:00 AM,082XX S HOUSTON AVE,0110,HOMICIDE,FIRST DEGREE MURDER,STREET,true,false,0424,10,01A,1197918,1850958,2012,41.745869477,-87.55035846,"(41.745869477, -87.55035846)"
HV493059,09/26/2012 07:07:00 PM,040XX S LAKE PARK AVE,0110,HOMICIDE,FIRST DEGREE MURDER,STREET,true,false,0214,4,01A,1183593,1878563,2012,41.82196573,-87.601987042,"(41.82196573, -87.601987042)"
HV495203,09/28/2012 10:42:00 AM,024XX W 45TH ST,0110,HOMICIDE,FIRST DEGREE MURDER,AUTO,false,false,0922,12,01A,1160663,1874764,2012,41.812045606,-87.686211691,"(41.812045606, -87.686211691)"
HV495203,09/28/2012 10:42:00 AM,024XX W 45TH ST,0110,HOMICIDE,FIRST DEGREE MURDER,AUTO,false,false,0922,12,01A,1160663,1874764,2012,41.812045606,-87.686211691,"(41.812045606, -87.686211691)"
HV495853,09/28/2012 07:04:00 PM,092XX S CHAPPEL AVE,0110,HOMICIDE,FIRST DEGREE MURDER,STREET,true,false,0413,8,01A,1191457,1844056,2012,41.727088635,-87.574255471,"(41.727088635, -87.574255471)"
HV496069,09/28/2012 08:47:00 PM,038XX W CONGRESS PKWY,0110,HOMICIDE,FIRST DEGREE MURDER,STREET,false,false,1133,24,01A,1151104,1897432,2012,41.874441638,-87.720681099,"(41.874441638, -87.720681099)"
HV497946,09/30/2012 05:22:00 AM,009XX W 35TH ST,0110,HOMICIDE,FIRST DEGREE MURDER,STREET,true,false,0913,11,01A,1170459,1881637,2012,41.830697755,-87.650079737,"(41.830697755, -87.650079737)"
HV499942,10/01/2012 07:41:00 PM,114XX S YALE AVE,0110,HOMICIDE,FIRST DEGREE MURDER,STREET,false,false,0522,34,01A,1176657,1829044,2012,41.686238944,-87.628919212,"(41.686238944, -87.628919212)"
HV505977,10/05/2012 09:08:00 PM,021XX E 95TH ST,0110,HOMICIDE,FIRST DEGREE MURDER,PARKING LOT,false,false,0431,7,01A,1191914,1842389,2012,41.722503153,-87.572635409,"(41.722503153, -87.572635409)"
HV506892,10/06/2012 12:53:00 PM,044XX S MARSHFIELD AVE,0110,HOMICIDE,FIRST DEGREE MURDER,PARK PROPERTY,false,false,0924,12,01A,1166081,1875267,2012,41.813312219,-87.666324236,"(41.813312219, -87.666324236)"
HV509943,10/08/2012 08:16:00 PM,074XX S DORCHESTER AVE,0110,HOMICIDE,FIRST DEGREE MURDER,STREET,false,false,0324,5,01A,1186827,1856042,2012,41.760090211,-87.590836687,"(41.760090211, -87.590836687)"
HV510216,10/09/2012 12:45:00 AM,053XX N DELPHIA AVE,0110,HOMICIDE,FIRST DEGREE MURDER,APARTMENT,true,false,1614,41,01A,1117975,1934331,2012,41.976282242,-87.841541839,"(41.976282242, -87.841541839)"
HV511426,10/09/2012 08:45:00 PM,058XX S ABERDEEN ST,0110,HOMICIDE,FIRST DEGREE MURDER,STREET,true,false,0712,16,01A,1169985,1865923,2012,41.787587214,-87.652275757,"(41.787587214, -87.652275757)"
HV512782,10/10/2012 07:32:00 PM,030XX E 83RD ST,0110,HOMICIDE,FIRST DEGREE MURDER,STREET,false,false,0424,10,01A,1197750,1850518,2012,41.744666278,-87.55098869,"(41.744666278, -87.55098869)"
HV513596,10/11/2012 12:02:00 PM,006XX E 87TH PL,0110,HOMICIDE,FIRST DEGREE MURDER,HOUSE,false,false,0632,6,01A,1182063,1847106,2012,41.735680362,-87.608572465,"(41.735680362, -87.608572465)"
HV515657,10/12/2012 07:14:00 PM,068XX S EAST END AVE,0110,HOMICIDE,FIRST DEGREE MURDER,STREET,true,false,0332,5,01A,1188712,1860059,2012,41.771068348,-87.583799955,"(41.771068348, -87.583799955)"
HV515941,10/12/2012 11:36:00 PM,071XX S EGGLESTON AVE,0110,HOMICIDE,FIRST DEGREE MURDER,STREET,false,false,0732,6,01A,1174526,1857685,2012,41.764881306,-87.635870858,"(41.764881306, -87.635870858)"
HV517211,10/13/2012 10:12:00 PM,063XX S RHODES AVE,0110,HOMICIDE,FIRST DEGREE MURDER,STREET,false,false,0312,20,01A,1180993,1863045,2012,41.77944334,-87.612002879,"(41.77944334, -87.612002879)"
HV517611,10/14/2012 05:10:00 AM,053XX S CALUMET AVE,0110,HOMICIDE,FIRST DEGREE MURDER,APARTMENT,true,false,0231,3,01A,1179390,1869658,2012,41.797626791,-87.617677805,"(41.797626791, -87.617677805)"
HV521659,10/17/2012 04:50:00 AM,030XX S HAYNES CT,0110,HOMICIDE,FIRST DEGREE MURDER,ALLEY,false,false,0913,11,01A,1168691,1884598,2012,41.838861426,-87.656480987,"(41.838861426, -87.656480987)"
HV522829,10/17/2012 07:14:00 PM,010XX E 73RD ST,0110,HOMICIDE,FIRST DEGREE MURDER,APARTMENT,false,false,0324,5,01A,1184646,1856830,2012,41.762303939,-87.598805314,"(41.762303939, -87.598805314)"
HV525043,10/19/2012 10:34:00 AM,073XX S WINCHESTER AVE,0110,HOMICIDE,FIRST DEGREE MURDER,ALLEY,false,false,0735,17,01A,1164627,1855988,2012,41.760439035,-87.672201358,"(41.760439035, -87.672201358)"
HV525586,10/19/2012 04:31:00 PM,099XX S YATES AVE,0110,HOMICIDE,FIRST DEGREE MURDER,STREET,true,false,0431,7,01A,1194131,1839637,2012,41.714897356,-87.564604981,"(41.714897356, -87.564604981)"
HV526828,10/20/2012 12:31:00 PM,000XX S PULASKI RD,0110,HOMICIDE,FIRST DEGREE MURDER,STREET,true,false,1115,28,01A,1149732,1899606,2012,41.880434101,-87.725662001,"(41.880434101, -87.725662001)"
HV507550,10/20/2012 01:25:00 PM,027XX W 62ND ST,0110,HOMICIDE,FIRST DEGREE MURDER,STREET,false,false,0825,15,01A,1158996,1863420,2012,41.780950435,-87.692636367,"(41.780950435, -87.692636367)"
HV527778,10/21/2012 03:07:00 AM,000XX N CENTRAL AVE,0110,HOMICIDE,FIRST DEGREE MURDER,STREET,true,false,1513,29,01A,1139047,1899836,2012,41.881266156,-87.764891183,"(41.881266156, -87.764891183)"
HV528197,10/21/2012 12:40:00 PM,098XX S MERRILL AVE,0110,HOMICIDE,FIRST DEGREE MURDER,STREET,true,false,0431,7,01A,1192394,1840222,2012,41.716545037,-87.570947551,"(41.716545037, -87.570947551)"
HV528518,10/21/2012 06:06:00 PM,086XX S KINGSTON AVE,0110,HOMICIDE,FIRST DEGREE MURDER,PORCH,false,false,0423,7,01A,1194663,1848105,2012,41.738121265,-87.562378839,"(41.738121265, -87.562378839)"
HV528532,10/23/2012 12:23:00 PM,094XX S RHODES AVE,0110,HOMICIDE,FIRST DEGREE MURDER,STREET,false,false,0633,9,01A,1181563,1842510,2012,41.72307993,-87.610545649,"(41.72307993, -87.610545649)"
HV528532,10/24/2012 04:15:00 PM,094XX S RHODES AVE,0110,HOMICIDE,FIRST DEGREE MURDER,STREET,false,false,0633,9,01A,1181563,1842510,2012,41.72307993,-87.610545649,"(41.72307993, -87.610545649)"
HV533276,10/24/2012 10:40:00 PM,080XX S HALSTED ST,0110,HOMICIDE,FIRST DEGREE MURDER,STREET,true,false,0621,21,01A,1172364,1851608,2012,41.748253086,-87.64397366,"(41.748253086, -87.64397366)"
HV536543,10/27/2012 08:15:00 AM,038XX W AUGUSTA BLVD,0110,HOMICIDE,FIRST DEGREE MURDER,APARTMENT,false,false,1112,27,01A,1150643,1906398,2012,41.899054311,-87.722139232,"(41.899054311, -87.722139232)"
HV537785,10/28/2012 03:32:00 AM,005XX E 75TH ST,0110,HOMICIDE,FIRST DEGREE MURDER,PARKING LOT,false,false,0624,6,01A,1181310,1855408,2012,41.758479341,-87.611075845,"(41.758479341, -87.611075845)"
HV538062,10/28/2012 10:15:00 AM,011XX N KEYSTONE AVE,0110,HOMICIDE,FIRST DEGREE MURDER,STREET,true,false,1111,27,01A,1149178,1907301,2012,41.90156075,-87.727496751,"(41.90156075, -87.727496751)"
HV538464,10/28/2012 04:32:00 PM,068XX S HALSTED ST,0110,HOMICIDE,FIRST DEGREE MURDER,ALLEY,false,false,0723,6,01A,1172150,1859435,2012,41.769736056,-87.644528181,"(41.769736056, -87.644528181)"
HV538704,10/28/2012 08:02:00 PM,013XX W 13TH ST,0110,HOMICIDE,FIRST DEGREE MURDER,HALLWAY,false,false,1231,2,01A,1167613,1894184,2012,41.865189511,-87.660160954,"(41.865189511, -87.660160954)"
HV538871,10/28/2012 11:03:00 PM,094XX S LA SALLE ST,0110,HOMICIDE,FIRST DEGREE MURDER,HOUSE,false,false,0634,21,01A,1176942,1842337,2012,41.722710417,-87.627477022,"(41.722710417, -87.627477022)"
HV539217,10/29/2012 11:15:00 AM,079XX S ESCANABA AVE,0110,HOMICIDE,FIRST DEGREE MURDER,STREET,false,false,0422,7,01A,1196878,1852939,2012,41.751331394,-87.554103407,"(41.751331394, -87.554103407)"
HV539493,10/29/2012 02:32:00 PM,011XX W WILSON AVE,0110,HOMICIDE,FIRST DEGREE MURDER,STREET,false,false,1913,46,01A,1167615,1930696,2012,41.965380546,-87.659099891,"(41.965380546, -87.659099891)"
HV539907,10/29/2012 06:17:00 PM,016XX N SPAULDING AVE,0110,HOMICIDE,FIRST DEGREE MURDER,STREET,false,false,1422,26,01A,1153892,1910719,2012,41.910847394,-87.710090384,"(41.910847394, -87.710090384)"
HV540475,10/30/2012 09:12:00 AM,062XX S EBERHART AVE,0110,HOMICIDE,FIRST DEGREE MURDER,STREET,false,false,0313,20,01A,1180650,1863845,2012,41.781646505,-87.613235784,"(41.781646505, -87.613235784)"
HV541288,10/30/2012 08:00:00 PM,122XX S UNION AVE,0110,HOMICIDE,FIRST DEGREE MURDER,STREET,false,false,0523,34,01A,1173862,1823805,2012,41.671924547,-87.639305643,"(41.671924547, -87.639305643)"
HV541857,10/31/2012 09:14:00 AM,005XX N LAMON AVE,0110,HOMICIDE,FIRST DEGREE MURDER,STREET,false,false,1532,28,01A,1143593,1903321,2012,41.890745572,-87.748111019,"(41.890745572, -87.748111019)"
HV542767,10/31/2012 07:25:00 PM,054XX S WOLCOTT AVE,0110,HOMICIDE,FIRST DEGREE MURDER,HALLWAY,true,false,0932,16,01A,1164611,1868623,2012,41.795111477,-87.67190382,"(41.795111477, -87.67190382)"
HV543426,11/01/2012 09:40:00 AM,057XX S CALUMET AVE,0110,HOMICIDE,FIRST DEGREE MURDER,AUTO,false,false,0232,20,01A,1179463,1867016,2012,41.79037523,-87.617490782,"(41.79037523, -87.617490782)"
HV546172,11/03/2012 04:01:00 AM,056XX S SHIELDS AVE,0110,HOMICIDE,FIRST DEGREE MURDER,STREET,true,false,0711,3,01A,1174935,1867419,2012,41.791583362,-87.634081651,"(41.791583362, -87.634081651)"
HV546216,11/03/2012 05:45:00 AM,097XX S EXCHANGE AVE,0110,HOMICIDE,FIRST DEGREE MURDER,STREET,true,false,0431,10,01A,1197451,1841021,2012,41.71861319,-87.552399964,"(41.71861319, -87.552399964)"
HV546184,11/04/2012 08:08:00 AM,049XX W DIVERSEY AVE,0110,HOMICIDE,FIRST DEGREE MURDER,STREET,true,false,2521,31,01A,1143068,1918166,2012,41.931491671,-87.749668109,"(41.931491671, -87.749668109)"
HV551113,11/06/2012 09:00:00 PM,031XX N CENTRAL PARK AVE,0110,HOMICIDE,FIRST DEGREE MURDER,ALLEY,true,false,2523,35,01A,1151846,1920558,2012,41.937887003,-87.717347053,"(41.937887003, -87.717347053)"
HV494600,11/07/2012 02:47:00 PM,018XX S MORGAN ST,0110,HOMICIDE,FIRST DEGREE MURDER,ALLEY,false,false,1233,25,01A,1169984,1891266,2012,41.857130937,-87.651542065,"(41.857130937, -87.651542065)"
HV551507,11/07/2012 04:33:00 PM,024XX W 79TH ST,0110,HOMICIDE,FIRST DEGREE MURDER,STREET,false,false,0835,18,01A,1161588,1852172,2012,41.750030916,-87.683445092,"(41.750030916, -87.683445092)"
HV552800,11/08/2012 11:27:00 PM,026XX W 83RD ST,0110,HOMICIDE,FIRST DEGREE MURDER,GANGWAY,false,false,0835,18,01A,1160234,1849499,2012,41.742723745,-87.68848018,"(41.742723745, -87.68848018)"
HV556184,11/10/2012 12:56:00 PM,026XX E 79TH ST,0110,HOMICIDE,FIRST DEGREE MURDER,STREET,false,false,0421,7,01A,1195467,1853106,2012,41.751824605,-87.559268417,"(41.751824605, -87.559268417)"
HV559550,11/12/2012 11:35:00 PM,113XX S STEWART AVE,0110,HOMICIDE,FIRST DEGREE MURDER,STREET,true,false,2233,34,01A,1175653,1829629,2012,41.687866743,-87.632577234,"(41.687866743, -87.632577234)"
HV560857,11/13/2012 07:40:00 PM,011XX W 84TH ST,0110,HOMICIDE,FIRST DEGREE MURDER,RETAIL STORE,false,false,0613,21,01A,1170001,1849093,2012,41.741403207,-87.652705376,"(41.741403207, -87.652705376)"
HV562886,11/15/2012 10:55:00 AM,049XX N WHIPPLE ST,0110,HOMICIDE,FIRST DEGREE MURDER,HOUSE,true,true,1713,33,01A,1155149,1932669,2012,41.971054604,-87.704881423,"(41.971054604, -87.704881423)"
HV563451,11/15/2012 05:38:00 PM,059XX S RICHMOND ST,0110,HOMICIDE,FIRST DEGREE MURDER,STREET,false,false,0824,16,01A,1157729,1865150,2012,41.785723614,-87.697234557,"(41.785723614, -87.697234557)"
HV563603,11/15/2012 06:32:00 PM,051XX W THOMAS ST,0110,HOMICIDE,FIRST DEGREE MURDER,AUTO,false,false,1531,37,01A,1141687,1906835,2012,41.900423863,-87.755023892,"(41.900423863, -87.755023892)"
HV564446,11/16/2012 01:11:00 PM,012XX S KOLIN AVE,0110,HOMICIDE,FIRST DEGREE MURDER,STREET,false,false,1011,24,01A,1147580,1894006,2012,41.865108577,-87.73370765,"(41.865108577, -87.73370765)"
HV565520,11/17/2012 03:15:00 AM,025XX S TRUMBULL AVE,0110,HOMICIDE,FIRST DEGREE MURDER,STREET,false,false,1024,22,01A,1153775,1886864,2012,41.845389113,-87.71115549,"(41.845389113, -87.71115549)"
HV565631,11/17/2012 07:20:00 AM,066XX S BELL AVE,0110,HOMICIDE,FIRST DEGREE MURDER,STREET,false,false,0832,15,01A,1162550,1860477,2012,41.772801037,-87.679688634,"(41.772801037, -87.679688634)"
HV516961,11/17/2012 12:05:00 PM,061XX S ASHLAND AVE,0110,HOMICIDE,FIRST DEGREE MURDER,STREET,false,false,0713,15,01A,1166720,1864100,2012,41.782655024,-87.664299154,"(41.782655024, -87.664299154)"
HV522994,11/17/2012 02:00:00 PM,113XX S MAY ST,0110,HOMICIDE,FIRST DEGREE MURDER,VACANT LOT,false,false,2234,34,01A,1170695,1829352,2012,41.687215851,-87.65073602,"(41.687215851, -87.65073602)"
HV567134,11/18/2012 10:42:00 AM,043XX S HERMITAGE AVE,0110,HOMICIDE,FIRST DEGREE MURDER,STREET,false,false,0924,12,01A,1165407,1875835,2012,41.814885204,-87.668780391,"(41.814885204, -87.668780391)"
HV567218,11/18/2012 11:43:00 AM,007XX W 51ST ST,0110,HOMICIDE,FIRST DEGREE MURDER,STREET,false,false,0935,3,01A,1172264,1871052,2012,41.8016119,-87.643768796,"(41.8016119, -87.643768796)"
HV569235,11/19/2012 08:24:00 PM,060XX S MICHIGAN AVE,0110,HOMICIDE,FIRST DEGREE MURDER,PORCH,false,false,0311,20,01A,1178189,1865087,2012,41.785110879,-87.62222067,"(41.785110879, -87.62222067)"
HV555229,11/20/2012 07:43:00 PM,094XX S COLFAX AVE,0110,HOMICIDE,FIRST DEGREE MURDER,STREET,false,false,0423,7,01A,1195150,1843050,2012,41.724237919,-87.560760858,"(41.724237919, -87.560760858)"
HV570829,11/20/2012 10:57:00 PM,034XX W SUNNYSIDE AVE,0110,HOMICIDE,FIRST DEGREE MURDER,STREET,true,false,1723,33,01A,1152479,1929691,2012,41.962936107,-87.714778392,"(41.962936107, -87.714778392)"
HV571175,11/21/2012 09:55:00 AM,045XX S HALSTED ST,0110,HOMICIDE,FIRST DEGREE MURDER,PORCH,false,false,0925,11,01A,1171731,1874768,2012,41.811820703,-87.645614455,"(41.811820703, -87.645614455)"
HV572023,11/21/2012 08:30:00 PM,103XX S FOREST AVE,0110,HOMICIDE,FIRST DEGREE MURDER,STREET,true,true,0512,9,01A,1180074,1836444,2012,41.706468217,-87.616184739,"(41.706468217, -87.616184739)"
HV572727,11/22/2012 12:59:00 PM,055XX S ALBANY AVE,0110,HOMICIDE,FIRST DEGREE MURDER,ALLEY,false,false,0824,14,01A,1156656,1867764,2012,41.792918517,-87.701098236,"(41.792918517, -87.701098236)"
HV572753,11/23/2012 02:15:00 PM,049XX S SEELEY AVE,0110,HOMICIDE,FIRST DEGREE MURDER,STREET,false,false,0931,16,01A,1163526,1871862,2012,41.804022532,-87.675791679,"(41.804022532, -87.675791679)"
HV575785,11/25/2012 08:04:00 AM,023XX W LAKE ST,0110,HOMICIDE,FIRST DEGREE MURDER,AUTO,false,false,1332,2,01A,1160778,1901232,2012,41.884674206,-87.685056985,"(41.884674206, -87.685056985)"
HV575223,11/25/2012 08:47:00 PM,055XX S EMERALD AVE,0110,HOMICIDE,FIRST DEGREE MURDER,HALLWAY,false,false,0711,3,01A,1172248,1868025,2012,41.793305842,-87.643916506,"(41.793305842, -87.643916506)"
HV577248,11/26/2012 01:00:00 PM,003XX E 71ST ST,0110,HOMICIDE,FIRST DEGREE MURDER,CHURCH PROPERTY,false,false,0323,6,01A,1179562,1858013,2012,41.765667835,-87.617402611,"(41.765667835, -87.617402611)"
HV577646,11/26/2012 05:01:00 PM,043XX W VAN BUREN ST,0110,HOMICIDE,FIRST DEGREE MURDER,VACANT LOT,true,false,1131,24,01A,1147618,1897672,2012,41.875167792,-87.733474103,"(41.875167792, -87.733474103)"
HV578014,11/26/2012 09:19:00 PM,069XX S CAMPBELL AVE,0110,HOMICIDE,FIRST DEGREE MURDER,YARD,false,false,0832,15,01A,1160909,1858468,2012,41.767322121,-87.685759589,"(41.767322121, -87.685759589)"
HV579585,11/28/2012 01:15:00 AM,054XX N NATOMA AVE,0110,HOMICIDE,FIRST DEGREE MURDER,HOUSE,true,true,1613,41,01A,1131263,1935592,2012,41.979522813,-87.792646187,"(41.979522813, -87.792646187)"
HV580753,11/28/2012 10:46:00 PM,068XX S RIDGELAND AVE,0110,HOMICIDE,FIRST DEGREE MURDER,AUTO,true,false,0332,5,01A,1189047,1859926,2012,41.770695367,-87.582576242,"(41.770695367, -87.582576242)"
HV583420,11/30/2012 06:36:00 PM,042XX S WELLS ST,0110,HOMICIDE,FIRST DEGREE MURDER,APARTMENT,false,false,0925,3,01A,1175319,1876910,2012,41.817619001,-87.632389787,"(41.817619001, -87.632389787)"
HV583473,11/30/2012 07:15:00 PM,082XX S DOBSON AVE,0110,HOMICIDE,FIRST DEGREE MURDER,APARTMENT,false,false,0631,8,01A,1184673,1850699,2012,41.745479227,-87.59889818,"(41.745479227, -87.59889818)"
HV583794,11/30/2012 11:09:00 PM,061XX S MORGAN ST,0110,HOMICIDE,FIRST DEGREE MURDER,STREET,false,false,0712,16,01A,1170699,1864029,2012,41.782374308,-87.649713037,"(41.782374308, -87.649713037)"
HV583667,11/30/2012 11:50:00 PM,050XX N WINTHROP AVE,0110,HOMICIDE,FIRST DEGREE MURDER,STREET,false,false,2033,48,01A,1167955,1933900,2012,41.974165075,-87.6577569,"(41.974165075, -87.6577569)"
HV583859,12/01/2012 12:25:00 AM,012XX S SAWYER AVE,0110,HOMICIDE,FIRST DEGREE MURDER,STREET,true,false,1022,24,01A,1154893,1894168,2012,41.865409818,-87.706856955,"(41.865409818, -87.706856955)"
HV583977,12/01/2012 02:52:00 AM,002XX W 37TH ST,0110,HOMICIDE,FIRST DEGREE MURDER,STREET,false,false,0915,3,01A,1175366,1880434,2012,41.827288113,-87.632111875,"(41.827288113, -87.632111875)"
HV584635,12/01/2012 03:00:00 PM,048XX W FULTON ST,0110,HOMICIDE,FIRST DEGREE MURDER,STREET,false,false,1532,28,01A,1144122,1901498,2012,41.885733129,-87.746214056,"(41.885733129, -87.746214056)"
HV586102,12/02/2012 05:45:00 PM,066XX S BLACKSTONE AVE,0110,HOMICIDE,FIRST DEGREE MURDER,STREET,false,false,0321,5,01A,1187338,1861046,2012,41.773809509,-87.588805144,"(41.773809509, -87.588805144)"
HV586639,12/03/2012 07:49:00 AM,064XX S EBERHART AVE,0110,HOMICIDE,FIRST DEGREE MURDER,YARD,false,false,0312,20,01A,1180684,1862487,2012,41.777919241,-87.61315283,"(41.777919241, -87.61315283)"
HV595925,12/09/2012 06:40:00 PM,011XX N HARDING AVE,0110,HOMICIDE,FIRST DEGREE MURDER,STREET,false,false,1112,27,01A,1149847,1907216,2012,41.90131451,-87.725041634,"(41.90131451, -87.725041634)"
HV596086,12/09/2012 11:48:00 PM,010XX S AUSTIN BLVD,0110,HOMICIDE,FIRST DEGREE MURDER,STREET,true,false,1513,29,01A,1136535,1895069,2012,41.868230139,-87.774229289,"(41.868230139, -87.774229289)"
HV600213,12/12/2012 11:39:00 PM,010XX N LECLAIRE AVE,0110,HOMICIDE,FIRST DEGREE MURDER,APARTMENT,true,false,1531,37,01A,1142173,1906364,2012,41.899122381,-87.753250466,"(41.899122381, -87.753250466)"
HV604507,12/16/2012 03:19:00 AM,024XX W FLOURNOY ST,0110,HOMICIDE,FIRST DEGREE MURDER,STREET,false,false,1135,2,01A,1160183,1896961,2012,41.872966504,-87.687359957,"(41.872966504, -87.687359957)"
HV606964,12/17/2012 10:35:00 PM,058XX W SUPERIOR ST,0110,HOMICIDE,FIRST DEGREE MURDER,STREET,true,false,1511,29,01A,1137343,1904408,2012,41.893843118,-87.771038273,"(41.893843118, -87.771038273)"
HV391485,12/20/2012 04:26:00 AM,028XX W PRATT BLVD,0110,HOMICIDE,FIRST DEGREE MURDER,HOUSE,false,false,2411,50,01A,1155995,1944980,2012,42.004819495,-87.701436581,"(42.004819495, -87.701436581)"
HV612552,12/22/2012 06:35:00 PM,027XX E 84TH ST,0110,HOMICIDE,FIRST DEGREE MURDER,STREET,false,false,0423,7,01A,1196101,1849810,2012,41.742764452,-87.557054115,"(41.742764452, -87.557054115)"
HV613632,12/22/2012 11:15:00 PM,000XX N LONG AVE,0110,HOMICIDE,FIRST DEGREE MURDER,HOUSE,true,true,1522,28,01A,1140342,1899707,2012,41.880888527,-87.760139105,"(41.880888527, -87.760139105)"
HV613848,12/23/2012 06:05:00 AM,035XX W LAKE ST,0110,HOMICIDE,FIRST DEGREE MURDER,STREET,false,false,1123,28,01A,1152835,1901225,2012,41.88481595,-87.714225133,"(41.88481595, -87.714225133)"
HV613856,12/23/2012 06:22:00 AM,033XX W CRYSTAL ST,0110,HOMICIDE,FIRST DEGREE MURDER,STREET,false,false,1422,26,01A,1153943,1908123,2012,41.903722719,-87.709972333,"(41.903722719, -87.709972333)"
HV546151,12/24/2012 08:37:00 PM,013XX S LOOMIS ST,0110,HOMICIDE,FIRST DEGREE MURDER,AUTO,false,false,1233,2,01A,1167245,1894087,2012,41.864931246,-87.661514673,"(41.864931246, -87.661514673)"
HV616590,12/26/2012 12:30:00 AM,020XX W 69TH ST,0110,HOMICIDE,FIRST DEGREE MURDER,STREET,false,false,0735,17,01A,1163962,1858895,2012,41.768430247,-87.674557015,"(41.768430247, -87.674557015)"
HV617642,12/26/2012 09:58:00 PM,054XX S CALIFORNIA AVE,0110,HOMICIDE,FIRST DEGREE MURDER,STREET,false,false,0923,14,01A,1158631,1868559,2012,41.795060019,-87.693834402,"(41.795060019, -87.693834402)"
HV618715,12/28/2012 12:18:00 AM,049XX W AUGUSTA BLVD,0110,HOMICIDE,FIRST DEGREE MURDER,STREET,false,false,1531,37,01A,1143147,1906196,2012,41.898643242,-87.749677146,"(41.898643242, -87.749677146)"
HV620483,12/29/2012 07:40:00 AM,042XX W 21ST PL,0110,HOMICIDE,FIRST DEGREE MURDER,APARTMENT,true,true,1012,24,01A,1148435,1889419,2012,41.85250485,-87.73068709,"(41.85250485, -87.73068709)"
HV621744,12/30/2012 11:00:00 AM,005XX E 109TH ST,0110,HOMICIDE,FIRST DEGREE MURDER,ALLEY,false,false,0513,9,01A,1181648,1832792,2012,41.69641053,-87.6105331,"(41.69641053, -87.6105331)"
HV622070,12/30/2012 05:10:00 PM,050XX S INDIANA AVE,0110,HOMICIDE,FIRST DEGREE MURDER,STREET,true,false,0224,3,01A,1178455,1871575,2012,41.802908524,-87.62104831,"(41.802908524, -87.62104831)"
HV622375,12/31/2012 12:16:00 AM,033XX N KEELER AVE,0110,HOMICIDE,FIRST DEGREE MURDER,STREET,false,false,1731,31,01A,1147827,1921692,2012,41.941077091,-87.732088554,"(41.941077091, -87.732088554)"
HV620483,12/31/2012 04:49:00 PM,042XX W 21ST PL,0110,HOMICIDE,FIRST DEGREE MURDER,APARTMENT,true,true,1012,24,01A,1148435,1889419,2012,41.85250485,-87.73068709,"(41.85250485, -87.73068709)"
